Peptide,ref1,ref2,ref3,ref4,ref5,ref6
SLDPTTSPV,netMHCpan
SLLLLPVSV,netMHCpan
STAPPVHNV,netMHCpan
YLQDSLATT,netMHCpan
HIAKSPFEV,netMHCpan
KLGASPLHV,netMHCpan
SQTDGTLKI,forestMHC
SINDKIIEL,forestMHC
MLAWINESL,forestMHC
KMSQVAPSL,forestMHC
IIIPEIQKV,forestMHC
MMPAVFHTV,forestMHC
ILMHHPPQV,forestMHC
KQQDVIYEL,forestMHC
VLDGRGHLL,forestMHC
SLYGGTITI,forestMHC,EIDB_PMID353318648
ILSEEELSL,forestMHC
TIFGKAHSL,forestMHC
NLYGLLHGL,forestMHC
YVTPVNRNV,forestMHC
QVSSINVSV,forestMHC
VLAPHLTRA,forestMHC
TVTNAVVTV,forestMHC
SIHDVTFQV,forestMHC
KLYHNEVEI,forestMHC
KMQQNIQEL,forestMHC
QLLDQVEQI,forestMHC
GMTELYFQL,forestMHC
ILPKGSARV,forestMHC
FLSNVLQEL,forestMHC
RLDQNVNEA,forestMHC
ALQAYSHWL,forestMHC
SLQEEIAFL,forestMHC
SLAQYNPKL,forestMHC
MIAGKVAVV,forestMHC
GLQQKNVEV,forestMHC
RLYKDDQLL,forestMHC
TMVDRIEEV,forestMHC
YLHDFLKYL,forestMHC
LLIGHLERV,forestMHC
SLDPTLPSV,forestMHC
MLLTKLPTI,forestMHC
YLNEKAVSY,forestMHC
ALAGGITMV,forestMHC
SLQKDLSQV,forestMHC
ALLAKILQI,forestMHC
NLLELFVQL,forestMHC
TLINESPVL,forestMHC
ALESFLKQV,forestMHC
ILNDEIITI,forestMHC
KLYTGLREV,forestMHC
SILGTDILL,forestMHC
VILHHEYFL,forestMHC
GLAEDSPKM,forestMHC
KLLSYIQRL,forestMHC
RLAEQAERY,forestMHC
KTLEGIAAV,forestMHC
TIEDGIFEV,forestMHC
AMNARPHKV,forestMHC
PLLDLHIEL,forestMHC
RMAEIGEHV,forestMHC
LLADELITV,forestMHC
RTMEWVQTI,forestMHC
ILSVIPLQL,forestMHC
SLLDEFYKL,forestMHC
FLNSVIVDL,forestMHC
RLLNFDTEL,forestMHC
QLWEKAQRL,forestMHC
YIFTTPKSV,forestMHC
ALTGHLEEV,forestMHC
ALDEGDIAL,forestMHC
LLYYQTNYL,forestMHC
KLKQYIEKL,forestMHC
YQTPLELKL,forestMHC
ALLGHTDTV,forestMHC
RLLDGAFKL,forestMHC
FLSELQYYL,forestMHC
ALLKTHIRL,forestMHC
GQYTDLLRL,forestMHC
KLLGYDVHV,forestMHC
HIIENIVAV,forestMHC,EIDB_PMID2978617
FISEFEHRV,forestMHC
GLTDIRTLV,forestMHC
KLGEIVTTI,forestMHC
NQMPTQPQV,forestMHC
FLDRESIKL,forestMHC
FLEERSVLL,forestMHC
VIYDVSHNI,forestMHC
SLFKRLYSL,forestMHC
LLDRHNFTI,forestMHC
YIQPQPLGV,forestMHC
QLFSQQHFL,forestMHC
YIYQEVWNL,forestMHC
RLLDYVATV,forestMHC,EIDB_PMID2978617
FLVDGSWSV,forestMHC
AIIGGTFTV,forestMHC
GLVHGLPYV,forestMHC
LLTVEVFGV,forestMHC
SMAEVDAAM,forestMHC
ILHDDEVTV,forestMHC,EIDB_PMID2978617
ALWIPEVSI,forestMHC
QLFQGVLTL,forestMHC
NLDGTVTEM,forestMHC
IMHDCVVKL,forestMHC
KLPPPPPQA,forestMHC
RLLENMTEV,forestMHC
ITTEVVNEL,forestMHC
RIAEFTTNL,forestMHC
GLDWLSHEL,forestMHC
ALAKDMALA,forestMHC
KLQKDLEGL,forestMHC
GLAFSLNGV,forestMHC
AMKSDIDEV,forestMHC
RLLNFQRQL,forestMHC
ILLEHKVVL,forestMHC
YLEPYLKEV,forestMHC
AVATFLQSV,forestMHC
QLVRDLLEV,forestMHC
VIAEILRGV,forestMHC
SLQDVIDRV,forestMHC
LLFGSLAGL,forestMHC
LLAEGITWV,forestMHC
TLANLAISI,forestMHC
YLSLLNQQL,forestMHC
RLLEATSYL,forestMHC
ALVSYLIRL,forestMHC
YLKEILEQL,forestMHC
VINDECYQV,forestMHC
FLEPVNPRL,forestMHC
SLWEDYPHV,forestMHC
SLYPGTETM,forestMHC
HLFNVAHTL,forestMHC
GLHEDLNRV,forestMHC
KLQEQIFHL,forestMHC,EIDB_PMID276,516
ALLGTIISA,forestMHC
LLYDQPLQV,forestMHC
VLPAFTSNL,forestMHC
HLINFSETL,forestMHC
ATMPVVPSV,forestMHC
KLDEILKEI,forestMHC
LLKEEKEEL,forestMHC
KLQESTQTV,forestMHC
RVSGQPQSV,forestMHC
ALKGTNESL,forestMHC
LLDGFPRTV,forestMHC
YAYEKPHVV,forestMHC
MLQDFQIQA,forestMHC
GLFPAPIHV,forestMHC
ALMPTLEAL,forestMHC
GLCPHVVVL,forestMHC
ILQEREYRL,forestMHC
HLFKDKVVL,forestMHC
YVLPVVSYI,forestMHC
FLTRLQVHL,forestMHC
QMISRIEYI,forestMHC
ILQKHTENV,forestMHC
KVMDDLDRA,forestMHC
KLLQDISEA,forestMHC
RLHREVAQV,forestMHC
KAMEKLESV,forestMHC
YMYDWNSRV,forestMHC
GLFAPVHKV,forestMHC
VMDTRILHI,forestMHC
RLVPSVNGV,forestMHC
VLVEGIVCI,forestMHC
HLGVKVFSV,forestMHC
KIMEQSPDM,forestMHC,EIDB_PMID353318648
RLDDTVHVV,forestMHC
AMTQLLAGV,forestMHC
YTLEKVNEA,forestMHC
IVWKIKETV,forestMHC
SLGELVKGV,forestMHC
GLIGSAFSV,forestMHC
RQVTGVTRV,forestMHC
VIMDRAPSV,forestMHC
TLSDVLDRV,forestMHC
SLHSLLVDV,forestMHC
AQIDHYLGL,forestMHC
QLFSEIHNL,forestMHC
QMFEGVARV,forestMHC
ILNPLLTLL,forestMHC
ALTEIAFVV,forestMHC
ILLQGRLYL,forestMHC
KLKDVLLQV,forestMHC
NLINEINGV,forestMHC
GLYSRQLYV,forestMHC
TLWVDPYEV,forestMHC,epiMHCdb,EIDB_PMID353318648
YTAEQLVYL,forestMHC
HLLNESPML,forestMHC
ALAHMGSSV,forestMHC
ALMADMVYV,forestMHC
ALDKLNEAI,forestMHC
ALANHLIKV,forestMHC
FIADLVVGL,forestMHC
SLAQYLINV,forestMHC,EIDB_PMID353318648
VQVPVPVTV,forestMHC
ALGPTGRGV,forestMHC
YLNHLEPPV,forestMHC
AVMLHSFTL,forestMHC
SMASLVIFM,forestMHC
QLNADEISL,forestMHC
TIDADAPEL,forestMHC
QLDPTLLQM,forestMHC
TLDPVEKAL,forestMHC
VLDGRELRV,forestMHC
VLYNESLQL,forestMHC
VLLSEILHL,forestMHC
HLDEARTLL,forestMHC
RLVPFLVEL,forestMHC
GLAKVKVMV,forestMHC
SLITPLQAV,forestMHC
ALIFKIASA,forestMHC
KLQSKVETA,forestMHC
KMPDDVWLV,forestMHC
YLGNINPQM,forestMHC
QLLELPLNL,forestMHC
RVAPEEHPV,forestMHC
NMAELFAVV,forestMHC
LMDMRLSQV,forestMHC
NMMSGISSV,forestMHC
AMQEFLTRL,forestMHC
GLCERLVSL,forestMHC
ALWGHLKEL,forestMHC
YLKDLIEEV,forestMHC
ILLGTTYRI,forestMHC
AAAGQIHHV,forestMHC
RMQKEITAL,forestMHC
DLFKDIQSL,forestMHC
TLWYRPPEL,forestMHC
YTPPPPPTA,forestMHC
FLNGKSVGV,forestMHC
FLDNGPKTI,forestMHC
ALWEGPSKA,forestMHC
FIYDLFEHV,forestMHC
YLGRLAHEV,forestMHC
IQLGITHTV,forestMHC
SLVEIILHV,forestMHC
VLSVVEVTL,forestMHC
ILHHEYFLL,forestMHC
NLLDPPPEV,forestMHC
KINNKVVQL,forestMHC
TLNDREYQL,forestMHC
QLQEELHQL,forestMHC
SLLPKDAQL,forestMHC
TINGHNAEV,forestMHC
TLDELPAML,forestMHC
ALHHKDIAL,forestMHC
ALLSQQTHL,forestMHC
ILSDTTLWL,forestMHC
VLLEELEAL,forestMHC
QLLPVPIAV,forestMHC
QLMAEKLQL,forestMHC
RLQESLKKV,forestMHC
ALLKHTNLL,forestMHC
YINPVSSAV,forestMHC
QLAEDLKKV,forestMHC
ALHQILVLL,forestMHC
LLHGLIHNV,forestMHC
KLTSVLEAV,forestMHC
YMDVVKERI,forestMHC
FLLQRVHSL,forestMHC
ALGPKPQGL,forestMHC
SLDAIVASV,forestMHC
ALAPAPPQV,forestMHC
SLLTHIQNL,forestMHC
GLALLYSGV,forestMHC
FLSSSNLSL,forestMHC
SLLLLQLLL,forestMHC
RLAEVQRQY,forestMHC
HLVHKLVQA,forestMHC
ILSALVTRL,forestMHC
FIMDRAQAL,forestMHC
LLLEKTQEL,forestMHC
AVMDTLVSV,forestMHC
LLSPVVPQI,forestMHC
LLSLDPAAV,forestMHC
SLAEFVQSL,forestMHC
KLVHILNMV,forestMHC
GLADKVYFL,forestMHC,EIDB_PMID353318648
MLDEPTNHL,forestMHC
TIYDRFVHL,forestMHC
ALEKSLVRL,forestMHC
RIMEFTTTL,forestMHC
SLRADIERV,forestMHC
ILWSEAIFL,forestMHC
ALATLIHQV,forestMHC,EIDB_PMID353318648,EIDB_PMID2978617,EIDB_PMID2978617
QLSDVAEKL,forestMHC
GLAPTSPHL,forestMHC
KMLDKIISI,forestMHC
FLDKRIVAA,forestMHC
GLTTILKNV,forestMHC
SILETVTAV,forestMHC
VMDKKHFKL,forestMHC
FQDENHLYL,forestMHC
QMHKDLVNV,forestMHC
LLPNAVYKV,forestMHC
NLAEKLIGV,forestMHC
ALGEKQPEL,forestMHC
ELYAKLIFL,forestMHC
AISESNINL,forestMHC
RLNKKVVLL,forestMHC
VLSDVIPSI,forestMHC
ALQERLDGL,forestMHC
TVLGKIWKL,forestMHC
KLQEKVELL,forestMHC
YMEEIYHRI,forestMHC
ALQEENVKL,forestMHC
FVIRNIVEA,forestMHC
QAMPTLIEL,forestMHC
YLWRTSLYL,forestMHC
SLQNHNHQL,forestMHC
SLHAAAVLL,forestMHC
SLASLLAKV,forestMHC
ILAPTVQEL,forestMHC
SLFEHFIEL,forestMHC
SLHSVVQTL,forestMHC
GLSSHVEVV,forestMHC
LLNEKNISL,forestMHC
RQADKVWRL,forestMHC
GLIDVHVHL,forestMHC
LVLPVLVFL,forestMHC
SLSSLVVQL,forestMHC
AALDVLANV,forestMHC
TMIEICEKL,forestMHC
SVWEKEIEI,forestMHC
IMYDQNHLL,forestMHC
ALAPSTMKI,forestMHC
RLDEAAQRL,forestMHC
FLQAHLHTA,forestMHC
ALASHLIEA,forestMHC,EIDB_PMID353318648,EIDB_PMID2978617,EIDB_PMID276,516
FLFEPVVKA,forestMHC,EIDB_PMID353318648
LVYEAPETV,forestMHC
QLSEVFIQL,forestMHC
TLVDFPLHL,forestMHC
TLYGSQIKL,forestMHC
FLADQPIEA,forestMHC
RLQDEIQNM,forestMHC,EIDB_PMID353318648
FLREWVESM,forestMHC
KLDHVVTII,forestMHC
LINPNIATV,forestMHC
AMAPGAPQV,forestMHC
ALTNTSPTL,forestMHC
LMTKEISSV,forestMHC
SLDTQPKKV,forestMHC
TLTELRAFL,forestMHC
KISESLRTV,forestMHC
YIKDGITRV,forestMHC
ALINKLDFA,forestMHC
ALYTATEKL,forestMHC
GLLHVFVRV,forestMHC
LLSPLQPQL,forestMHC
FLLPMFERL,forestMHC
LLGTENASV,forestMHC
TLAEIYVAA,forestMHC
YLFFDLPHV,forestMHC
VLKEIVERV,forestMHC
LLAAWTARA,forestMHC
LMAHAMEEV,forestMHC
IIEENIPEL,forestMHC
SSLEKSYEL,forestMHC
NLAEDIMRL,forestMHC
GIWLHVEGV,forestMHC
MLANDIARL,forestMHC
NLFNKYPAL,forestMHC
GMPDFLEKL,forestMHC
FTDEEVDEL,forestMHC
KLIQSEVAL,forestMHC
TLQENNHRL,forestMHC
GLLKGTALV,forestMHC
ELIERIPEL,forestMHC
KVVNIVPVI,forestMHC
YILKIVPTV,forestMHC
FLFNYDYTL,forestMHC
ALRVFVESV,forestMHC
MMVGDLLEV,forestMHC
FLSQSIHLL,forestMHC
RIIDTVAQV,forestMHC
FISEIIHQL,forestMHC
RLMGSILGV,forestMHC
VLHSYPESV,forestMHC
SLLMSIHNI,forestMHC
ALDTINILL,forestMHC
YMPPLVIKV,forestMHC
FMQHDVQEL,forestMHC
QMWDKQKEV,forestMHC
VLLGATHGL,forestMHC
GLLHGLQAA,forestMHC
HLGDFLVFL,forestMHC
TMLELINQL,forestMHC
NLFAQTYGL,forestMHC
FLLGPRLVL,forestMHC
LLDVTPLSL,forestMHC
TLSTVIATV,forestMHC
ALLPIFFGA,forestMHC
IMEDIILTL,forestMHC
RLLEEHAKL,forestMHC
AQYLINVRL,forestMHC
LLLRFDISL,forestMHC
GLFSAKLFL,forestMHC
KLSEVLQAV,forestMHC
VLPKLYVKL,forestMHC
LLNPVVEFV,forestMHC
GLPEITPKL,forestMHC
TVFEHTFHV,forestMHC
ALLGRLAEL,forestMHC
VVADETPAV,forestMHC
ALAQAVQRA,forestMHC
FLLDMPYHI,forestMHC
YLREQGKAL,forestMHC
SLSEKTVLL,forestMHC
ALNPADITV,forestMHC
SLLDGVVTM,forestMHC
KLWHHTLQV,forestMHC
VLAFLVHEL,forestMHC
GLMADPMKV,forestMHC
VLIETLVTL,forestMHC
TLQEQLEKA,forestMHC
SVLGSLSSV,forestMHC
KLHAVVETL,forestMHC
LLADACWAL,forestMHC
NVDEGIYQL,forestMHC
FIPATGHSL,forestMHC
FIFSDTHEL,forestMHC
FLNEEVKSL,forestMHC
FLGPWPAAS,forestMHC
VQADAPHGV,forestMHC
VLHKELPEV,forestMHC
GLIDENPGL,forestMHC
LLSEILHLL,forestMHC
ILLDGSASV,forestMHC
AIIGGMFTV,forestMHC
YLDAMMNEA,forestMHC
ILASIFETV,forestMHC
TLDAGNIKL,forestMHC
GLYEGLDWL,forestMHC
NLIANVLYL,forestMHC
ALYEQSLHI,forestMHC
ALLGDLTKA,forestMHC
ILLAELEQL,forestMHC
TLTGKTITL,forestMHC
FLDEEVKLI,forestMHC
RLFEKMQAY,forestMHC
QLQEELAAA,forestMHC
YLGPDTPAL,forestMHC
ALTDYITRL,forestMHC
LLQDAIREV,forestMHC
LMTDVLVFL,forestMHC
ILGPQGNTI,forestMHC
RLSQVSDSV,forestMHC
YLLPPTASI,forestMHC
FLAQENMRL,forestMHC
RLMRAIFEI,forestMHC
VLFELKLLL,forestMHC
GLIEIISNA,forestMHC
TLAAENPFL,forestMHC
YLLEKNRVV,forestMHC
KIPEDVSGL,forestMHC
YLFPGHPPT,forestMHC
RLHDVLMEL,forestMHC
ILSEALETL,forestMHC
TLLSEIAEL,forestMHC
KIHDLETEL,forestMHC
EVISKLYAV,forestMHC
ILDSGIYRI,forestMHC
AQFEHTILL,forestMHC
KLLHSENYV,forestMHC
KMDPIISRV,forestMHC
VVYGEPITA,forestMHC
KLSEIDVAL,forestMHC
TLFGLTPTL,forestMHC
TVIERTFHV,forestMHC
ILYGEVEKL,forestMHC
MLFPGSIAL,forestMHC
SLFGNIKGA,forestMHC
FLHEATARL,forestMHC
KLIDSGVGL,forestMHC
ILPSNLLTV,forestMHC
KLYQTPLEL,forestMHC
TLLVVVPKL,forestMHC
SVASVLLYL,forestMHC
RLTDYISKV,forestMHC
FLSPFNMIL,forestMHC
QLDNWLNKV,forestMHC
RIIDCAFTV,forestMHC
GLMTRSESL,forestMHC
RLSDLSEQL,forestMHC
VILRDSHGV,forestMHC
ILDMSPFTV,forestMHC
KLIELKAEI,forestMHC
HLDEAIHVL,forestMHC
SLLYNVPAV,forestMHC
TLSEGPHHV,forestMHC
LLSELLEHL,forestMHC
SVIGVSPAV,forestMHC
LLASLLDGV,forestMHC
NLFEDQNTL,forestMHC
SLGAYISTL,forestMHC
ILLEKEAEL,forestMHC
LVYHKLHQL,forestMHC
KLDVGNAEV,forestMHC,EIDB_PMID353318648,EIDB_PMID276,516
ALLEKLTEL,forestMHC
KTNEKLYTV,forestMHC
SLAEAAYEA,forestMHC
TLLDRMVHL,forestMHC
MLHSVTLFL,forestMHC
YLIPLLERL,forestMHC
VLLQVLHVL,forestMHC
SLLEFNTTV,forestMHC
YIIEVNARL,forestMHC
SLQDHIEKI,forestMHC
FLLQDTVEL,forestMHC
LLLDEITRA,forestMHC
KLDHINMNL,forestMHC
SIINSVVVV,forestMHC
KLVNILVQL,forestMHC
VLQEKQQQL,forestMHC
LLMEHIQEI,forestMHC,EIDB_PMID2978617
ALAARAIAV,forestMHC
LLAEKIYKI,forestMHC
RIIEETLAL,forestMHC
TLSEALLQL,forestMHC
SLGDAFPEL,forestMHC
KVMGFGLYL,forestMHC
ALHERIQAL,forestMHC
KLPEKWESV,forestMHC
ALVEVIAMI,forestMHC
SLADVESQV,forestMHC
KLPTPTSSV,forestMHC
SLIDGIKRA,forestMHC
AIIPYIPTL,forestMHC
ALAETGIAV,forestMHC
ILDTSVAYV,forestMHC
LLQRKVEEV,forestMHC
TILDKAMVL,forestMHC
VIMERLQQV,forestMHC
LLGPRLVLA,forestMHC,EIDB_PMID353318648
TLVDALDTL,forestMHC
YLWLKLNQV,forestMHC
RMFGIPVVV,forestMHC
RLQETLSAA,forestMHC
LLTEQIHSL,forestMHC
NLAKEAAAV,forestMHC
TLLTKPVEI,forestMHC
QLWFREFFL,forestMHC
ALLQRQHAL,forestMHC
KMMDSSRSV,forestMHC
VLLHLLHNV,forestMHC
VMDSKIVQV,forestMHC,EIDB_PMID353318648
ALLDRIVSV,forestMHC,EIDB_PMID353318648,EIDB_PMID2978617
SLLPLSHLV,forestMHC
FAIPMIHAV,forestMHC
YILPWESEL,forestMHC
ILDEPTNNL,forestMHC
FLSPWPPAV,forestMHC
TVLEKVYEL,forestMHC
FLLKLIHIL,forestMHC
SVMSILPKI,forestMHC
QLLAGVFLA,forestMHC
VLPAVSLEV,forestMHC
LTTEVHPEL,forestMHC
AMAARPHSI,forestMHC
ALYGQPLLL,forestMHC
ALRDVSEEL,forestMHC,EIDB_PMID2978617
QLLEQQNGL,forestMHC
ALPEDLVEV,forestMHC
LLSEIEEHL,forestMHC
LLRDYEPQL,forestMHC
KLIPNAIQI,forestMHC
KIYEGAYHV,forestMHC
QLFNHTMFI,forestMHC
AITEKLERV,forestMHC
RLPPPFPGL,forestMHC
YITEGQIYV,forestMHC
QLIRDMVNV,forestMHC
KMPDQFDQA,forestMHC
NLLDLNQKL,forestMHC
SAFATPFLV,forestMHC
SLSPPPATL,forestMHC
YLLEKSRAI,forestMHC
VLDQKEHRL,forestMHC
ILEEVVREL,forestMHC
KMKEEVPTA,forestMHC
LLAEALNQV,forestMHC
SLLTSLVTA,forestMHC
SLVRSVVGV,forestMHC
GLLRVISGV,forestMHC
RLLQEQHQL,forestMHC
VMNPKTANV,forestMHC
KMDENQFVA,forestMHC
SLTSEIHFL,forestMHC
KVVSVLHHL,forestMHC
YLGKTVTNA,forestMHC
ALSPSYLTV,forestMHC
AMFGKLMTI,forestMHC,EIDB_PMID353318648
SMFGAGLTV,forestMHC
KIMSTVKKV,forestMHC
YLTAEVLEL,forestMHC
QLPETIGSL,EIDB_PMID353318648
SIVGPLVEM,EIDB_PMID353318648
