Peptide,ref1,ref2,ref3
MLDGHLIAFDY,netMHCpan
MSALEFYSY,netMHCpan
MTERFQEAI,netMHCpan
QLEQALDCEIY,netMHCpan
QSSFYSDWY,netMHCpan
QYDPVAALF,netMHCpan
ASDSLNNEY,netMHCpan
QYDPVAALFF,netMHCpan
ATDALMSGF,netMHCpan
ATDALMTGYT,netMHCpan
ATDSLNNEY,netMHCpan
RSSLGSLLY,netMHCpan
SADNNNSEY,netMHCpan
SALPTNADLY,netMHCpan
SEHPTFTSQY,netMHCpan
SSNIMSESY,netMHCpan
STDVASLNY,netMHCpan
STELNYNHLY,netMHCpan
TDLGQNLLY,netMHCpan
TLDEMRHFY,netMHCpan
TLDEMRHFYK,netMHCpan
TNDQSFNDY,netMHCpan
VTEHDTLL,netMHCpan
VTEHDTLLY,netMHCpan
VTRRGNAYY,netMHCpan
YAQMWQLLY,netMHCpan
YGDDVIASY,netMHCpan
YLAGASLIY,netMHCpan
YLDKQSDTQY,netMHCpan
YLEKESIYY,netMHCpan
YMESVFQMY,netMHCpan
YMWLGARY,netMHCpan
YSEHPTFTSQ,netMHCpan
YSEHPTFTSQY,netMHCpan
YTDYLTVMDRY,netMHCpan
CTELKLNDY,netMHCpan
DVEAWRDRY,netMHCpan
ELDPPFGDSY,netMHCpan
ETDENRAKV,netMHCpan
FSDLYYLTM,netMHCpan
FSECNALGSY,netMHCpan
FTAPEVGTY,netMHCpan
FTDALGIDEY,netMHCpan
FTDWANKQY,netMHCpan
FVEALFQEY,netMHCpan
GLDFSDLYY,netMHCpan
HISALKRRY,netMHCpan
HMCDATMSY,netMHCpan
HTDLHPNNTY,netMHCpan
IDLLLQRGPQY,netMHCpan
ISDYFHNTY,netMHCpan
KSEYMTSWFY,netMHCpan
LIDGIFLRY,netMHCpan
LLDKRQFELY,netMHCpan
LLDTVPLDY,forestMHC
FSKTLQLEY,forestMHC
YLEQLHQLY,forestMHC
NSDPNINQF,forestMHC
KSGAHVDFY,forestMHC
RMDIEQSLY,forestMHC
ATQERTDLY,forestMHC
HSERHVLLY,forestMHC
MTDPEMVEV,forestMHC
LTDFIREEY,forestMHC
LLDQRPAWY,forestMHC
LTETEDWLY,forestMHC
YISTEFNRY,forestMHC
YSDGPNPEV,forestMHC
LSDSTLSYT,forestMHC
LSDSQMKSY,forestMHC
VLDSLLVQY,forestMHC
KTDLHNEGY,forestMHC
EPFLFNFLY,forestMHC
ALDTLIIEY,forestMHC
GSDRIKDGY,forestMHC
YLSQPRLTY,forestMHC
DTDGKCLEY,forestMHC
WSDGSPVSY,forestMHC
TTEVHPELY,forestMHC
LTDSFPLKV,forestMHC
IMDCKGNLY,forestMHC
LTEKANHYY,forestMHC
WTDINVVVY,forestMHC
PTDPKVVVY,forestMHC
SVDSNLFVY,forestMHC
NLLPYSLRY,forestMHC
SLDAPHSTY,forestMHC
YTDEPDISY,forestMHC
QSLGDPLYY,forestMHC
ILDDFREAY,forestMHC
ASEDSVLLY,forestMHC
VLDVVYLVY,forestMHC
VVDKEKNLY,forestMHC
QLQVEQLLY,forestMHC
FAEHNDLQY,forestMHC
DSERFFIRY,forestMHC
KTDGKIVQY,forestMHC
QLDRISVYY,forestMHC
SADPGNLKY,forestMHC
GTDSQYNAY,forestMHC
LSSLPTQDY,forestMHC
GTEKLIETY,forestMHC
MTDGGLNLY,forestMHC
ATEKEKVWY,forestMHC
VSSSIVDKY,forestMHC
VLNRIQFRY,forestMHC
YADPGVSFY,forestMHC
GSAMSTDAY,forestMHC
KLDEMTASY,forestMHC
KTERSDLEY,forestMHC
VVSNILLAY,forestMHC
AMDPVSVSY,forestMHC
ASEAERLFY,forestMHC
HSDPSILGY,forestMHC
VSSQQTVSY,forestMHC
QLDHVNVYY,forestMHC
ELERLTSLY,forestMHC
ASEDDVGYY,forestMHC
DLDEFPMKY,forestMHC
KSDRVVVTY,forestMHC
TLDANRSSY,forestMHC
RSEIQRLTY,forestMHC
SSDPSHLVY,forestMHC
FSEPHARFY,forestMHC
FTAEEGQLY,forestMHC
YLDIPNPRY,forestMHC
ISEFPTLKY,forestMHC
LLDSLREQY,forestMHC
ETDIVVDHY,forestMHC
ILDENSQKY,forestMHC
RSDGAGPLY,forestMHC
DIDIRKDLY,forestMHC
GSEYLKLGY,forestMHC
ITDDLHFYV,forestMHC
LTEPTGLLY,forestMHC
PTDYADIGY,forestMHC
NLDPLTETY,forestMHC
MIDPSGVSY,forestMHC
ETDKEYYTV,forestMHC
GMDNDFHHY,forestMHC
ALDQNKMHY,forestMHC
ETYTRIFLY,forestMHC
NLDPKITEY,forestMHC
ELKDPTDHY,forestMHC
TADVHGLYY,forestMHC
NTERTVWQY,forestMHC
STTAVSARY,forestMHC
ASDFQPLRY,forestMHC
YTDHQNSSS,forestMHC
QTESQQIRY,forestMHC
MTEKFLFLY,forestMHC
LSEAFHEEY,forestMHC
LSDREPLRL,forestMHC
ELAKQVIEY,forestMHC
NLDKNTVGY,forestMHC
YGNSSDSRY,forestMHC
YTLPLVLLY,forestMHC
LVDRYNLYY,forestMHC
VSDTVVEPY,forestMHC
NTDFRYFIY,forestMHC
EVDRNLIQY,forestMHC
ESELQNTAY,forestMHC
RTEDNLQIY,forestMHC
QTECMVEQY,forestMHC
SSDRNRGSY,forestMHC
HTETKTITY,forestMHC
LTAINLLAY,forestMHC
FGDSGRLYY,forestMHC
KLDKDNLSY,forestMHC
FTEDQTAEF,forestMHC
LTSEDTGAY,forestMHC
VIDDPQETY,forestMHC
KVDAGKLHY,forestMHC
STALEHQEY,forestMHC
LTDPYTISA,forestMHC
ALSEHNLKY,forestMHC
PSDSHRLSY,forestMHC
HSSHHHFLY,forestMHC
YTPLPGSNY,forestMHC
YVSSGSYSY,forestMHC
DTELKQVAY,forestMHC
TSDSDQQAY,forestMHC
GTETRSDFY,forestMHC
ETDLRNHFY,forestMHC
TDDGNKWLY,forestMHC
WIDPFEVSY,forestMHC
PTDTGSNAY,forestMHC
LMHSIGLGY,forestMHC
NTVTRQWLY,forestMHC
FTSMTRLYY,forestMHC
ELDEHELDY,forestMHC
QIDGDFEDY,forestMHC
TLEDIEKNY,forestMHC
LTDDGNKWL,forestMHC
WSDGTPLNY,forestMHC
VLDPYLLKY,forestMHC
LVEKSQLGY,forestMHC
QTEEEMTRY,forestMHC
DTDSRFIPY,forestMHC
ATESSNQEY,forestMHC
KSDTAADTY,forestMHC
NVDPVQHTY,forestMHC
IVDSSGPMY,forestMHC
ITIFEKQEY,forestMHC
TIFTARLYY,forestMHC
RLEKLQLEY,forestMHC
FTQASALAY,forestMHC
LSEEGLLVY,forestMHC
YSDQNKESV,forestMHC
LTEKMVHIY,forestMHC
ISKALVAYY,forestMHC
NSELSCQLY,forestMHC
PSDPKQYRY,forestMHC
SSDPESSDY,forestMHC
FTDKFCEKY,forestMHC
KTEYALWNY,forestMHC
QSEEAVAAY,forestMHC
STYPRPHEY,forestMHC
FSDPFSTEV,forestMHC
VTFGAGVSY,forestMHC
QLTSVQLLY,forestMHC
RTTSHLLRY,forestMHC
LTDQIAPAY,forestMHC
STESSVAVY,forestMHC
RSDSEIIGY,forestMHC
SADSFQSFY,forestMHC
YSDVHNCSY,forestMHC
VADVVKDAY,forestMHC
ITDEQIQEM,forestMHC
NTEGKGTAY,forestMHC
YTNKEMLKY,forestMHC
LTDTNNIAY,forestMHC
LLEKEILFY,forestMHC
VSELEPDKY,forestMHC
QSALVSNLY,forestMHC
TTESEVMKY,forestMHC
RTEFTVEVY,forestMHC
LSNLTCNNY,forestMHC
LVCSRYLQY,forestMHC
ITDNELELY,forestMHC
FTETNPQVY,forestMHC
TMDALTQAY,forestMHC
VIESTNLKY,forestMHC
PTASQALRY,forestMHC
KTDYDTREY,forestMHC
ETEKMIEKY,forestMHC
ISEEEAAQY,forestMHC
RSDPYVKSY,forestMHC
GTDMEPSLY,forestMHC
ILDGKRIQY,forestMHC
PTDVLKIVY,forestMHC
STESDNNKY,forestMHC
LSDPAAGAY,forestMHC
LLDTELDLY,forestMHC
FTETSKLQY,forestMHC
YTQQATQSY,forestMHC
ETESNVNAY,forestMHC
KMDDLNLHY,forestMHC
NTDFGDEFY,forestMHC
GSDQNASLY,forestMHC
NCDYNCQHY,forestMHC
DSELTPAEY,forestMHC
YVYPKYLKY,forestMHC
DSDLRNDSY,forestMHC
NIERNWPYY,forestMHC
SACGKTFRY,forestMHC
HVDLLINKY,forestMHC
FTDTDELQL,forestMHC
YTDTYTEAY,forestMHC
LTSMQMQLY,forestMHC
RVDFQGMEY,forestMHC
YVDDIFLRV,forestMHC
WVDSDQLLY,forestMHC
IIDVVQDHY,forestMHC
PTDAFTVFY,forestMHC
ISDGKMQLY,forestMHC
RTEASQLLY,forestMHC
ASEDNAAFY,forestMHC
LTDDLHKQY,forestMHC
TLDDMISYY,forestMHC
LTHSLVLHY,forestMHC
KTDGKKSYY,forestMHC
VSDFRKEFY,forestMHC
FSEEQLNRY,forestMHC
LTDPAIVKV,forestMHC
VTEEFQPVY,forestMHC
VTENECQNY,forestMHC
VMDKNGDAY,forestMHC
FSERSNPFY,forestMHC
RTDGKVFQF,forestMHC
SSDVLVFDY,forestMHC
KSDLFFHDY,forestMHC
YTFPNGAKY,forestMHC
HNDMNNARY,forestMHC
LTEGHSGNY,forestMHC
KTEDRHPVY,forestMHC
KSDVNKEYY,forestMHC
ILDNLPHPY,forestMHC
MSEKLCSQY,forestMHC
IANQVQLFY,forestMHC
RIEEDNLTY,forestMHC
ESDDMFAAY,forestMHC
FADGFVLVY,forestMHC
AIDQLHLEY,forestMHC
IMLPGVLRY,forestMHC
MLLQWPLSY,forestMHC
YTDKVVIGM,forestMHC
MSDPQVLHL,forestMHC
LSDANLSRY,forestMHC
YTGPSHHSY,forestMHC
VLDKHGDIY,forestMHC
NLELKKLVY,forestMHC
ALDGGFQHY,forestMHC
VTDKEPDRV,forestMHC
NSDDSNLYL,forestMHC
KSDLRPMLY,forestMHC
SSDVRTVSY,forestMHC
SSAGSSISY,forestMHC
QSEDFAVYY,forestMHC
MLDHQPPQY,forestMHC
YTELLAQVY,forestMHC
FSDKNGLTS,forestMHC
HSRLIVLHY,forestMHC
MTEIADLTY,forestMHC
RTYDMIQYY,forestMHC
LTHWEQLDY,forestMHC
RLDKVLDEY,forestMHC
QLDHLSLYY,forestMHC
QTDPANCDY,forestMHC
VMEKSFLEY,forestMHC
LLHDRSFSY,forestMHC
LSDDHDEKY,forestMHC
TLVLSNLSY,forestMHC
ASEQDILKY,forestMHC
ATGMPSTSY,forestMHC
TSCADTLRY,forestMHC
NSDEERYRY,forestMHC
LSDREHPLY,forestMHC
YFSDPFLKY,forestMHC
HYEDNCISY,forestMHC
VSYKGSISY,forestMHC
VSDDGTLHM,forestMHC
YLDQMEDLY,forestMHC
YSHHSGLEY,forestMHC
VGDHQFLLY,forestMHC
VTDLAGNEY,forestMHC
RVDGRMLHY,forestMHC
LTDKVQAEY,forestMHC
FTEGSTDKY,forestMHC
DSDFDGGVY,forestMHC
TVEDGLQKY,forestMHC
LSDNTPEHY,forestMHC
LTDLYSPEY,forestMHC
SDDRRGDRY,forestMHC
HQDHSHLLY,forestMHC
TTEFLYNLY,forestMHC
HTFYEAVGY,forestMHC
TTDDWKDFL,forestMHC
AADIFYSRY,forestMHC
YMDDYIFTY,forestMHC
MTERQALSY,forestMHC
LTDFENSAY,forestMHC
VSSDGTLKY,forestMHC
ILDHQQFDY,forestMHC
MTSGHWQHY,forestMHC
ETELKTTDY,forestMHC
LSETPQLYY,forestMHC
VMDRPYQFY,forestMHC
HSDTIQWLY,forestMHC
FLESTFLKY,forestMHC
VMDKMQLTY,forestMHC
YLDKEDTFF,forestMHC
YIDSKFEDY,forestMHC
WIEQEGPEY,forestMHC
KMDLDNNFY,forestMHC
VLAGHGHLY,forestMHC
LLDSPPALY,forestMHC
QTATTTMVY,forestMHC
VSDYLRQSY,forestMHC
QTESPSSKY,forestMHC
ASDTNPDFY,forestMHC
NIDNFLSRY,forestMHC
SSDNRTYRY,forestMHC
MADKNIQYY,forestMHC
WSYPYEHSY,forestMHC
DSDYHQEAY,forestMHC
LLDTLRIYY,forestMHC
YEYQHSNLY,forestMHC
ITDPFLDIY,forestMHC
WSDGHLIYY,forestMHC
PSDQANGLY,forestMHC
HTDDEMTGY,forestMHC
NTEFKATMY,forestMHC
MIELHNQEY,forestMHC
YLDESKQLY,forestMHC
QLDNQLDAY,forestMHC
NSDELQELY,forestMHC
RSDPYVKAY,forestMHC
QSDGVYLIY,forestMHC
YSDINQEHV,forestMHC
YTDKYFNKL,forestMHC
YSKMDSKSY,forestMHC
TSDGRQTTY,forestMHC
FTDFMGQIV,forestMHC
ESRQITQVY,forestMHC
ASDLQIAAY,forestMHC
HSERTSFNY,forestMHC
ISKGLSLIY,forestMHC
HSDPMFSSY,forestMHC
WSLNNWSKY,forestMHC
QLDSSSSRY,forestMHC
NLDDNAQRY,forestMHC
YSEEECKQY,forestMHC
YTDLLRLFE,forestMHC
LSDAEFHTY,forestMHC
FQDQLHQLY,forestMHC
MSDVVKGVY,forestMHC
ISETTVELY,forestMHC
AVDKNGLMY,forestMHC
QTEYRWEVY,forestMHC
LQDGTLAAY,forestMHC
FMDKKLSLK,forestMHC
VSCRITDLY,forestMHC
YTDPEVFKY,forestMHC
IIDVVRSGY,forestMHC
FSDIHDFEY,forestMHC
YISDNVNKY,forestMHC
ATSCHQDEY,forestMHC
ALDVVNLVY,forestMHC
EVDLNLLRY,forestMHC
MSMVANLLY,forestMHC
QTDFPLQAY,forestMHC
IIDGKTLKY,forestMHC
VSDPKATMY,forestMHC
LLGTLHNLY,forestMHC
RTEGIRAAY,forestMHC
ASDSAEFHY,forestMHC
VSDGSSRPY,forestMHC
HTYQSPLLY,forestMHC
QTALENEVY,forestMHC
EAEKSNLAY,forestMHC
MLDKSPIRY,forestMHC
VNESQLFLY,forestMHC
DTDYRSMEY,forestMHC
IMDPYKASY,forestMHC
NSEPETLEY,forestMHC
LIDYDMVHY,forestMHC
NTDRNIDKY,forestMHC
ELDPATQKY,forestMHC
YSFDPVGSY,forestMHC
SADSEPHKY,forestMHC
LVDKNIMGY,forestMHC
QSYAGVVQY,forestMHC
STDIGALMY,forestMHC
LVDCSTEKY,forestMHC
YVHNDIFRY,forestMHC
VTNPDTGRY,forestMHC
FIDPTQLPY,forestMHC
ILDEVIMGY,forestMHC
ETDPDVVDY,forestMHC
AVDPGLLGY,forestMHC
DTDISLIRY,forestMHC
ELDSEQVRY,forestMHC
LNDSDSETY,forestMHC
FFTEQNLSY,forestMHC
ALDDYEHHY,forestMHC
FTDTSIILF,forestMHC
NTYPIKLFY,forestMHC
ETDKHLQRV,forestMHC
FTDIKFTKY,forestMHC
YSDKKYRNY,forestMHC
TEPPPLLVY,forestMHC
RSDHLTKHY,forestMHC
YTERAVFRY,forestMHC
FSVSNDLKY,forestMHC
RSSPPGHYY,forestMHC
KIDSFNSLY,forestMHC
SSDKVTVNY,forestMHC
FSDKELAAY,forestMHC
VLDEYCARY,forestMHC
STENGNFLY,forestMHC
VTDRDIDRY,forestMHC
FTAERSSYY,forestMHC
DSDGSFFLY,forestMHC,epiMHCdb
ELDRFMHYY,forestMHC
ATEGVEVFY,forestMHC
VSDFGGRSL,forestMHC
ISEVGTIRY,forestMHC
ATDINGDDY,forestMHC
AMDVYKNLY,forestMHC
GTDPTPQHY,forestMHC
ATDLAQHLY,forestMHC
NTDPSIVTY,forestMHC
SISKIHSLY,forestMHC
DLDFRHHSY,forestMHC
NLDFQMEQY,forestMHC
VLDNPSPFY,forestMHC
YLDTVPEVY,forestMHC
STGEKGFGY,forestMHC
QTDINLPYL,forestMHC
VLDEAFQRY,forestMHC
ITRQKQLFY,forestMHC
QLEQDVLSY,forestMHC
LLTKNGHVY,forestMHC
ETEYGLSVY,forestMHC
FSEPRAIFY,forestMHC
TVDQAVETY,forestMHC
FLDSKGLEY,forestMHC
KLEDIRTRY,forestMHC
PTDENLLKY,forestMHC
ATELQSMMY,forestMHC
TLSKIYLSY,forestMHC
QAYKGLLQY,forestMHC
STDNFNCKY,forestMHC
TTSHLMGFY,forestMHC
RLDASRLLL,forestMHC
VSAEEALKY,forestMHC
SIDTSSEGY,forestMHC
KTAGLSDLY,forestMHC
LTDSNADTY,forestMHC
ALDSSSILY,forestMHC
STDWHVVNY,forestMHC
NSENHILKY,forestMHC
QTDQVFNAY,forestMHC
HTEPLDELY,forestMHC
SDLLSPILY,forestMHC
TTEQHGARY,forestMHC
NVDSILEDY,forestMHC
YYEFREEAY,forestMHC
YSEEECRQY,forestMHC
VSDPMSSTY,forestMHC
YLENLEKLY,forestMHC
VTDKIHKAY,forestMHC
SSDPNAVMY,forestMHC
SSPKAALRY,forestMHC
FLLNHSLEY,forestMHC
WVDPYEVSY,forestMHC
LSDPVQLEV,forestMHC
ITDVPVTVY,forestMHC
EIDKNDHLY,forestMHC
TTAPHKERY,forestMHC
ETERFRELL,forestMHC
MSEKQEQLY,forestMHC
FTDAGFEHY,forestMHC
GTDELRLLY,forestMHC
RSDFFTSFY,forestMHC
KSKYQTDLY,forestMHC
YIDDVFHAL,forestMHC
TTDKRTSFY,forestMHC
GSDKINYTY,forestMHC
VLYDRVLKY,forestMHC
ASALPTQQY,forestMHC
YVDDPYQKY,forestMHC
ITDLQKEFY,forestMHC
VTDDIAPGY,forestMHC
YTDAKNRGY,forestMHC
ELDRSLGRY,forestMHC
VMAPRTLIL,forestMHC
ATDLLKRLY,forestMHC
LSELKPMSY,forestMHC
ATDGKVLLW,forestMHC
LSDPFYRTL,forestMHC
VIDKESEVY,forestMHC
HTEFLLNTY,forestMHC
ELTADTGLY,forestMHC
KVDEEQMKY,forestMHC
FLEPLGLAY,forestMHC
HSEYHTLLY,forestMHC
IIDHHDNTY,forestMHC
DTDRFVLLV,forestMHC
YYDTHTNTY,forestMHC
ASYEVKELY,forestMHC
KSELLVEQY,forestMHC
QMETFMLHY,forestMHC
RADQELLLY,forestMHC
RTEEALQLY,forestMHC
HSDTDALGY,forestMHC
ITEKEYKTY,forestMHC
QTDGGIPSY,forestMHC
ISDHGTVTY,forestMHC
ATDFDVLSY,forestMHC
NTDHQTQLL,forestMHC
LAYLRTECY,forestMHC
ATKKENLAY,forestMHC
DLFGRDLSY,forestMHC
PIEDSQDLY,forestMHC
ETARKFLYY,forestMHC
QTDQRVLRH,forestMHC
GTDCWTYHY,forestMHC
QAESTALKY,forestMHC
YTDENQHQY,forestMHC
KTEGGKVLY,forestMHC
VADLHLYLY,forestMHC
VSDFSHPHY,forestMHC
ILARNFVNY,forestMHC
FSDVDSPYY,forestMHC
LLTAGGELY,forestMHC
MLDNLGLKY,forestMHC
QIEEAGWSY,forestMHC
PSDLLVNVY,forestMHC
SVDSQILYY,forestMHC
HTEKKPLKY,forestMHC
TTDPKKFQY,forestMHC
ASETGFLTY,forestMHC
DSNGAILVY,forestMHC
KLDSLLLFY,forestMHC
LTDRLASLY,forestMHC
HTDPSRFMY,forestMHC
YTAPGHHGY,forestMHC
EIDGGKLRY,forestMHC
KTEQGVSRY,forestMHC
FSQDHLVIY,forestMHC
NSALNPLLY,forestMHC
ITDQGIEFY,forestMHC
LTEYLSTHY,forestMHC
LTEKLKLLY,forestMHC
VSDSKQFTY,forestMHC
LTDPNRPRF,forestMHC
ETDRRTLQM,forestMHC
LLDFADVTY,forestMHC
YTLLDVLYY,forestMHC
QSERNLCKY,forestMHC
TSASDVWSY,forestMHC
NTDANILFY,forestMHC
LVDEWLDSY,forestMHC
ISDAPAPAY,forestMHC
FHEKYNDLY,forestMHC
LVDGYNVHY,forestMHC
HSEEVPLLY,forestMHC
LNDPNPMKY,forestMHC
NLDIIQQEY,forestMHC
YTSYPHDFY,forestMHC
RTEYTITMY,forestMHC
YVVKYYLRY,forestMHC
HTIGKTVEY,forestMHC
YSDDIPHAL,forestMHC
GTEFTTILY,forestMHC
YSDKFRDVY,forestMHC
TTDLFGRDL,forestMHC
ASERGRLLY,forestMHC
FYSKLGLQY,forestMHC
YLDDCHRRY,forestMHC
DSDDENVEY,forestMHC
TSSYTAQEY,forestMHC
KTKEFWSTY,forestMHC
ITDKNSLAY,forestMHC
GLDEVIFSY,forestMHC
KSKADYELY,forestMHC
GTHTVSVKY,forestMHC
YSDRETQLY,forestMHC
LSEFQLEGY,forestMHC
MYDAAKLLY,forestMHC
VVARLLALY,forestMHC
KIDALQLEY,forestMHC
ASDIAKHVY,forestMHC
YSDLNTQRP,forestMHC
FLEETNCLY,forestMHC
ESDREELNY,forestMHC
SVEEFVERY,forestMHC
TVDRVVLLY,forestMHC
VSDFGMARY,forestMHC
EIEDTFQQY,forestMHC
KTDPENTDY,forestMHC
ITDVDNGYY,forestMHC
EVDPDTILK,forestMHC
VLEENQEHY,forestMHC
LTEATPNRY,forestMHC
ESEEYQERY,forestMHC
ELDVVREIY,forestMHC
FADHVSSSL,forestMHC
QTIGNHASY,forestMHC
LLDRLYEHY,forestMHC
DSDGAQDYY,forestMHC
LTEQYNEQY,forestMHC
ATEGDGGLY,forestMHC
FSEEDFRLY,forestMHC
NTALRNLRY,forestMHC
FTERNQFEL,forestMHC
YTSAGISQY,forestMHC
HLSSLQLFY,forestMHC
FMDVSNPFY,forestMHC
NTDQHNHNV,forestMHC
TSDYVSQSY,forestMHC
GSDCTTIHY,forestMHC,epiMHCdb
QLEDAVALY,forestMHC
ASDSPSVSY,forestMHC
MSEEHTAVY,forestMHC
SMDEKVELY,forestMHC
MIDPTLLHY,forestMHC
ATSKVALVY,forestMHC
MTDPIRILV,forestMHC
DSESSGVLY,forestMHC
RLDHWIHSY,forestMHC
LSEYKTETY,forestMHC
GTLDSVLRY,forestMHC
LTALGKLLY,forestMHC
RMDNIYFEY,forestMHC
FTDIDGQVY,forestMHC
GLEDGSCSY,forestMHC
ATPDIKSHY,forestMHC
CTENEASRY,forestMHC
YSDDNFGNY,forestMHC
YIDIDPLLY,forestMHC
VIDWHNYGY,forestMHC
QLEDEALKY,forestMHC
EMEVKRESY,forestMHC
NTDPTMFPY,forestMHC
NSDVSLLNY,forestMHC
YLDEGRLRY,forestMHC
EVDRFVVSY,forestMHC
YNAGLLSYY,forestMHC
KVDHHTDKY,forestMHC
FLDKNNDLL,forestMHC
FLDKLSDYY,forestMHC
KMLRDTLYY,forestMHC
YTDQFSRNY,forestMHC
ATDDITELY,forestMHC
LLERLFSYY,forestMHC
FSDHTFRHY,forestMHC
LIDTLLDGY,forestMHC
PSENSDLFY,forestMHC
DSELKFNEY,forestMHC
LLDGFLVNY,forestMHC
ALDLGTFGY,forestMHC
KTYQEFNHY,forestMHC
STDNGRIFL,forestMHC
NTDNLLTEY,forestMHC
RIEKQFLLY,forestMHC
ALDGCPPKY,forestMHC
SSHSNAYFY,forestMHC
LTETVVTEY,forestMHC
STEVDGERY,forestMHC
YTEKQIGYL,forestMHC
NTEENRRLY,forestMHC
VADQLCAKY,forestMHC
HIDVGGHMY,forestMHC
YISESLPEY,forestMHC
EVDSRWQEY,forestMHC
WLESVRLEY,forestMHC
ETALLVDRY,forestMHC
YAAQENLEY,forestMHC
RSDLKSETY,forestMHC
LLDEKQKKY,forestMHC
YLWHIPLTY,forestMHC
YTDKIMTYL,forestMHC
YTTSNHIKY,forestMHC
HAISRYWYY,forestMHC
DSEGTFNSY,forestMHC
QSETSIHQY,forestMHC
KSDGSFIGY,forestMHC
ETEEDKFLL,forestMHC
TSATSNIEY,forestMHC
QTLQRSWAY,forestMHC
PSDQVMLVY,forestMHC
YVDPEREIY,forestMHC
QSDGGGLLY,forestMHC
KTEPSIAEY,forestMHC
YSDFFTDCY,forestMHC
FLQESNVLY,forestMHC
LSPEHVEVY,forestMHC
ATAPPAPAY,forestMHC
KTDDLTMVL,forestMHC
GSELYTQEY,forestMHC
FSHRIYVAY,forestMHC
NVEKKIDKY,forestMHC
SSDRTITEY,forestMHC
YSEQEYQLY,forestMHC
YDAGEVSFY,forestMHC
VSDLLQALF,forestMHC
FTDYFWMEL,forestMHC
DIDIRPGLY,forestMHC
HSEKSSVFY,forestMHC
TTSGYMEGY,forestMHC
RTDIARTEY,forestMHC
DTEENKLIY,forestMHC
VTAASTSYY,forestMHC
YSDGYGRVY,forestMHC
LTEGELEEY,forestMHC
ITDQNSDGY,forestMHC
EIDDGEVLY,forestMHC
NLMRVLGNY,forestMHC
LTEQDLQLY,forestMHC
FTDPGQVAY,forestMHC
EADKTIKVY,forestMHC
YFETLRQGY,forestMHC
NSDISAYTY,forestMHC
QTETKTITY,forestMHC
ASEAFSQLY,forestMHC
NLDSQRLQY,forestMHC
HVDEQVFLY,forestMHC
GSGPAGYSY,forestMHC
QVDLSVHAY,forestMHC
VLDRLTFDY,forestMHC
RTEPFQDGY,forestMHC
RTAHVILRY,forestMHC
KLDLLEQEY,forestMHC
MSEQQHTFY,forestMHC
ILHSIFSSY,forestMHC
LTDYINANY,forestMHC
IVDHIHFQY,forestMHC
NSAENELRY,forestMHC
VTDHLGVVY,forestMHC
ETERRNTGY,forestMHC
ITAKFTALY,forestMHC
VIDPVAPRY,forestMHC
KSTAISLFY,forestMHC
LTDIKLGKY,forestMHC
PTNEKSQNY,forestMHC
ETEDERLVY,forestMHC
SSSGDPAEY,forestMHC
SSEITSLYY,forestMHC
NSSPLFLHY,forestMHC
TTDASNEEY,forestMHC
AIDRLVNIY,forestMHC
ATEPVIAFY,forestMHC
SSDPYHSGY,forestMHC
TSDDMKNAY,forestMHC
DTDHYFLRY,forestMHC
SLESLTLSY,forestMHC
ALAQARLLY,forestMHC
NTDNCVDIY,forestMHC
TTDFIFNLY,forestMHC
HTDQLVLIF,forestMHC
YTGVQILLY,forestMHC
IIDNSQGFY,forestMHC
GADQTTLLY,forestMHC
LTDSNAILY,forestMHC
FSETISAYY,forestMHC
RSDDSEHKY,forestMHC
FSELEQSGY,forestMHC
PTDENLARY,forestMHC
FSEGEKVNY,forestMHC
GAYGQAVRY,forestMHC
WLDKIDRRY,forestMHC
YVDAGTPMY,forestMHC
QTMEFVEEY,forestMHC
KTQIPTQRY,forestMHC
PMDQHSQGY,forestMHC
TTAAQTLLY,forestMHC
ISDGCQVSY,forestMHC
TSEAPFLHY,forestMHC
TADGKTYYY,forestMHC
YFEEIKQFY,forestMHC
HIGDIVSLY,forestMHC
FSDEAANIY,forestMHC
FADDMYSLY,forestMHC
LLDTNYNLF,forestMHC
ISSDTHLLY,forestMHC
EVDPIGHLY,forestMHC,epiMHCdb
NSDGYGGNY,forestMHC
LLEEHTEEY,forestMHC
MTESKFSKY,forestMHC
LTDRGVMSY,forestMHC
YTEDSPGLK,forestMHC
IIDYLTDHY,forestMHC
LTDYLKNTY,forestMHC
ESSQHTLNY,forestMHC
ATDIVDSQY,forestMHC
HTDSLHLLI,forestMHC
ITCPENSHY,forestMHC
VTSPAIGAY,forestMHC
YSDPYVKTY,forestMHC
VMDVNSSKY,forestMHC
TEIRLRLHY,forestMHC
FSDSKIQKY,forestMHC
FSMYKPITY,forestMHC
VTDSIRDEY,forestMHC
FIDASRLVY,forestMHC
LLETECPQY,forestMHC
LLLEPYNKY,forestMHC
ATDIKITVY,forestMHC
FTDKELLAY,forestMHC
MTDEWFSEY,forestMHC
YSKEKVLQL,forestMHC
ASSQQGLAY,forestMHC
VLDETRTAY,forestMHC
IVDQSQQAY,forestMHC
QVEPGALRY,forestMHC
SIDSLQLGY,forestMHC
ATSPVGDFY,forestMHC
ISEELVQKY,forestMHC
ILEEGSLLY,forestMHC
IVGPDGLVY,forestMHC
GSTMLTSQY,forestMHC
GSDDGVLAY,forestMHC
YAEFQNIRY,forestMHC
VSDAKLDKY,forestMHC
ELDQGTPQY,forestMHC
VQDCHVLKY,forestMHC
FSEQGIELY,forestMHC
VTANTAIYY,forestMHC
LLEELPILY,forestMHC
QIDTGENLY,forestMHC
SVSDQFYRY,forestMHC
NVDAILEEY,forestMHC
ITDSFNATY,forestMHC
MLDSHEELY,forestMHC
GSDPYVRMY,forestMHC
LLEEKNTMY,forestMHC
GSDPVFRFY,forestMHC
QSDYYASYY,forestMHC
SSDSGFSNY,forestMHC
YVDRVTEFL,forestMHC
YTEKDKQAY,forestMHC
EVDPTSHSY,forestMHC
NAPWAVTSL,forestMHC
LLAALGYRY,forestMHC
WVDKNRLAL,forestMHC
DVDPETLSY,forestMHC
VVDEIFNEY,forestMHC
HTDHHFFDY,forestMHC
SVEESVLLY,forestMHC
LTDFQKAVY,forestMHC
NTEKAVECY,forestMHC
KTDPKMLSK,forestMHC
TVAECVLYY,forestMHC
YSDPVTLET,forestMHC
NTEVLKNGY,forestMHC
HSALLALRY,forestMHC
ESEYGNITY,forestMHC
YTDMESEDY,forestMHC
LTEKNWFHY,forestMHC
NSEEHSAKY,forestMHC
DLDLSPLEY,forestMHC
MSEDKPQDY,forestMHC
LEAGILDTY,forestMHC
NSDSVPPGY,forestMHC
VTEEIFLEY,forestMHC
VSDRYRFLY,forestMHC
MTEEEQIAY,forestMHC
VSDVRGNFY,forestMHC
RTDPIPIVV,forestMHC
HSEHHSLLY,forestMHC
MTDSVTCLY,forestMHC
YADEYAIGY,forestMHC
KSDSEVAGY,forestMHC
DTEFPNFKY,forestMHC
VSAADIERY,forestMHC
STDDGVQFH,forestMHC
RVVSNLLYY,forestMHC
KLDTLCDLY,forestMHC
LIWEKNLKY,forestMHC
KLEELEQKY,forestMHC
YYDYYGYDY,forestMHC
SSDDSKLEY,forestMHC
LIDKSTNRY,forestMHC
NSESGNSRY,forestMHC
LSSPETGKY,forestMHC
FSEHGSLKY,forestMHC
SMDAHPNRY,forestMHC
FTDKLFYIY,forestMHC
RTDDITSGY,forestMHC
VSSPAIGAY,forestMHC
FSDGRVLCY,forestMHC
FTEEEAEQY,forestMHC
YSAAWAEYY,forestMHC
YTDKKSIIY,forestMHC
WSDSPGQHY,forestMHC
YSDPDSGHY,forestMHC
LADIYRELY,forestMHC
QMDPSSNFY,forestMHC
VSSNHSAAY,forestMHC
SEIEAKVRY,forestMHC
YGAGVGGGY,forestMHC
STPVDMQTY,forestMHC
ASDAAPLQY,forestMHC
PTDTNVIRY,forestMHC
DIDTRSEFY,forestMHC
PIDGNFFTY,forestMHC
TSEDRFIQY,forestMHC
YSDIQRSLY,forestMHC
SSDVGGYNY,forestMHC
IVDSLTEMY,forestMHC
QIDRQLTAY,forestMHC
QTALRSEDY,forestMHC
VAVGRALYY,forestMHC
QVDEDALTY,forestMHC
NTDKAVECY,forestMHC
MSDSYLPSY,forestMHC
DLDRVLMGY,forestMHC
NSLFLTDLY,forestMHC
ALARQLLLY,forestMHC
RSDRLWEMY,forestMHC
ETERRMDFY,forestMHC
VADVLVDGY,forestMHC
VLDRSLLEY,forestMHC
YTDCIPQLM,forestMHC
YLDIGQVYY,forestMHC
YSDHHENKY,forestMHC
YVANEFLKY,forestMHC
YSSSSPGSY,forestMHC
YLEETSIRY,forestMHC
NSELLNDRY,forestMHC
ITQGTPLKY,forestMHC
KIDSRLEQY,forestMHC
RLDDKKFLY,forestMHC
ISESHPILY,forestMHC
LSEQDWPAY,forestMHC
KIDEPSTPY,forestMHC
LAEWKSLEY,forestMHC
ISDDLVNSY,forestMHC
YVYEYPSRY,forestMHC
VVEGKHESY,forestMHC
ASNPAMLLY,forestMHC
IAMEFNHLY,forestMHC
LVDGDTLSY,forestMHC
GAAGILLRY,forestMHC
FVEPYFDEY,forestMHC
TDDLTTWLY,forestMHC
WSDIPTDQY,forestMHC
RSAEEAPLY,forestMHC
SLAEGNLLY,forestMHC
QTHGILEYY,forestMHC
ELDARHDKY,forestMHC
STDADFTGY,forestMHC
VLNDQHWHY,forestMHC
SLDELHRKY,forestMHC
TMCPHILRY,forestMHC
FSEFLINTY,forestMHC
QSGSESLLY,forestMHC
YSESNKAIY,forestMHC
QSAMGGLSY,forestMHC
LSAKQRLSL,forestMHC
PTDTNVLRY,forestMHC
NTISTGLLY,forestMHC
ILDERHDNY,forestMHC
HTDPVHLYK,forestMHC
ETDEKDFYL,forestMHC
FSDYLHPQY,forestMHC
YVAPEILSY,forestMHC
TTDVDSLSY,forestMHC
EANQHELLY,forestMHC
YSTDENFRY,forestMHC
ESDAPGPVY,forestMHC
FTAEFSSRY,forestMHC
GTDRNHNRY,forestMHC
STEERTFQY,forestMHC
ATELLAAKY,forestMHC
YTDEDMLKY,forestMHC
QLERINVYY,forestMHC
TSAGQPLAY,forestMHC
FSDHHENKY,forestMHC
RSEKPNWDY,forestMHC
YSEGREFRY,forestMHC
VVDEHTGQY,forestMHC
ESGTKVDEY,forestMHC
FSDVNMQEY,forestMHC
YLDIKGLLD,forestMHC
DSDPTGTAY,forestMHC
GSDEGTEYY,forestMHC
IMDSSQNAY,forestMHC
YFELVQHEY,forestMHC
VSDASAGDY,forestMHC
ATEYKNEEY,forestMHC
NSESIGAYY,forestMHC
LAELNQILY,forestMHC
LANSNTSGY,forestMHC
NSDHSNGSF,forestMHC
NMEADPGQY,forestMHC
AIDEDVLRY,forestMHC
HIDSANALY,forestMHC
ALDEKIAKY,forestMHC
FSDLYNEVY,forestMHC
YVSSLLAHY,forestMHC
GVEAHSHSY,forestMHC
RLDEDLAAY,forestMHC
RLEPQGLLY,forestMHC
ASDPGTATF,forestMHC
HTDVGLLEY,forestMHC
TTARHSAAY,forestMHC
RSEEGRLYY,forestMHC
LTDTFTAYY,forestMHC
FSQKSTLVY,forestMHC
YTDITYSFY,forestMHC
QTDPSCTAF,forestMHC
IADLNELRY,forestMHC
FLDDFESKY,forestMHC
ATEMTLQRY,forestMHC
YSDERYQCY,forestMHC
MSDPYLSSY,forestMHC
KTDGSFIGY,forestMHC
ATDFKFAMY,forestMHC,epiMHCdb
YTERRQPLY,forestMHC
FTDLTRDIY,forestMHC
STSISSLSY,forestMHC
WSQHYHQGY,forestMHC
FVDILTNWY,forestMHC
PSDLEGSAY,forestMHC
PTDEITVYY,forestMHC
ETERTRNLY,forestMHC
VTDNGLQKV,forestMHC
AVDLEHHSY,forestMHC
ATDLTREVY,forestMHC
STEQIPILY,forestMHC
VLDELKHYY,forestMHC
WVEQEPLMY,forestMHC
VLDFGDLTY,forestMHC
FSDQGGRKY,forestMHC
KSSEVTDAY,forestMHC
YLERGKLFY,forestMHC
QSEKDNNTY,forestMHC
RTDVAVLRY,forestMHC
ISDLIRDSY,forestMHC
ATNLSALYY,forestMHC
GSYNDFGNY,forestMHC
DSDSDQLFY,forestMHC
HFDSPYLLY,forestMHC
TLADILLYY,forestMHC
FSEPRAVFY,forestMHC
YTNPTVRRY,forestMHC
YSDSAVLKL,forestMHC
AADSYTDSY,forestMHC
HSEEEPSEY,forestMHC
VTREGNELY,forestMHC
YMDYRGYSY,forestMHC
DSDPFSSFY,forestMHC
QTDPTLLSV,forestMHC
VTEGLLNTY,forestMHC
EADVAQLEY,forestMHC
YADKPAGTY,forestMHC
AVDPRFLAY,forestMHC
VADNAQQQY,forestMHC
ISSSMHSLY,forestMHC
YFHHNSDFY,forestMHC
ETDHKHDVY,forestMHC
FMEAVSSKY,forestMHC
YSFLDKSFY,forestMHC
GSDYINANY,forestMHC
LSYLQPWRY,forestMHC
SSDFDPLVY,forestMHC
YLEDKAQEL,forestMHC
LTSRGSQQY,forestMHC
LLEQKGQEY,forestMHC
LLDGDTQNY,forestMHC
NTEEFITVY,forestMHC
EIDILRTLY,forestMHC
FTEIKNLLV,forestMHC
VLDSHIHAY,forestMHC
RPPGFSPFR,forestMHC
EVDTFMEAY,forestMHC
KSESRQERY,forestMHC
YMDTAIQTY,forestMHC
VMAPRTLLL,forestMHC
LTLSILDRY,forestMHC
YSHFQHLLY,forestMHC
PSENNKLTY,forestMHC
DTDDPATLY,forestMHC
KTEELKAKY,forestMHC
LTDKLVSFY,forestMHC
GTMYPMSVY,forestMHC
HLDTLTEHY,forestMHC
NTDYLDSDY,forestMHC
ISGPLSPAY,forestMHC
TLDECGLRY,forestMHC
LSDASKHKY,forestMHC
LIDVGTGYY,forestMHC
LTEVDNYHF,forestMHC
STDNSLLGY,forestMHC
TTSGIQVRY,forestMHC
YTEIDWKAY,forestMHC
ILDVLKQGY,forestMHC
IINESLLFY,forestMHC
ESDRHTLLH,forestMHC
HSELLEDYY,forestMHC
QTESIQQDY,forestMHC
PTSNMLLYY,forestMHC
NTDLWIVEY,forestMHC
TTGKPHVAY,forestMHC
GSDDTELRY,forestMHC
SIGDIFLKY,forestMHC
NTDLLPTSY,forestMHC
YTSPGTQKY,forestMHC
TADYHSNGY,forestMHC
FSAKSVEQY,forestMHC
YMEDSFCHY,forestMHC
LTESDSGVY,forestMHC
ASEYDQIRY,forestMHC
YMDRMDDTY,forestMHC
KSEATQEQY,forestMHC
QTDFGMYDY,forestMHC
NSDGSGLVY,forestMHC
RLDELGGVY,forestMHC
YTDNQHLKK,forestMHC
LSKLIHQSY,forestMHC
MADENKNEY,forestMHC
LSSRTNLQY,forestMHC
LTDDKLSQY,forestMHC
ATESVSLYY,forestMHC
KSDPFLVFY,forestMHC
DLDEIVARY,forestMHC
LSDLGLISY,forestMHC
LLDEHHISY,forestMHC
NSEKYGDGY,forestMHC
YIDQQFEQY,forestMHC
TADHNLLLY,forestMHC
LLDASSLEY,forestMHC
FTDEEVDEL,forestMHC
VADVHQYFY,forestMHC
VADLVENSY,forestMHC
DSDDDALLK,forestMHC
TTDYLVQGY,forestMHC
TLERRTLRY,forestMHC
NTDPSGSYY,forestMHC
LSEPSSLQY,forestMHC
RLDSLTTLY,forestMHC
QSEVESTEY,forestMHC
FSDTGNFGF,forestMHC
YTDIVGLLL,forestMHC
QTEDNMLFY,forestMHC
TTSHLGMFY,forestMHC
KSELGLNFY,forestMHC
YMSGYHTGY,forestMHC
IVDKHMDLY,forestMHC
VSERSLSAY,forestMHC
NVDGTVAAY,forestMHC
LTELEQLRK,forestMHC
RTDFHGSGY,forestMHC
LADSFRHLY,forestMHC
ESAIGGNAY,forestMHC
VGDLAELLY,forestMHC
QADIARMLY,forestMHC
VVEDKVEGY,forestMHC
NSDTHSSTF,forestMHC
YTETQHLSV,forestMHC
VSDRVTVLY,forestMHC
LINRVNSTY,forestMHC
SSALCSHLY,forestMHC
PTDAYQLNY,forestMHC
ISEVITQDY,forestMHC
VTARIALQY,forestMHC
YSAWDKQFY,forestMHC
QTDNIIYVY,forestMHC
ELDAWLAKY,forestMHC
YADRALAFY,forestMHC
STAPVLLQY,forestMHC
VSDELVQQY,forestMHC
KTEIMSPLY,forestMHC
HTEQKQQLF,forestMHC
NTARTLELY,forestMHC
GTEIANTLY,forestMHC
FTDELRQRY,forestMHC
KTDAFICKY,forestMHC
QSDSVAQGY,forestMHC
HTEERLLRY,forestMHC
FTDAGLKEL,forestMHC
LVDELQLRY,forestMHC
ITDAYLDQY,forestMHC
HADILLETY,forestMHC
VTSGKIIEY,forestMHC
LSERADWQY,forestMHC
LTDDDLLRY,forestMHC
STDPEALHY,forestMHC
VTDETGGKY,forestMHC
TVDARVYSY,forestMHC
FLDASGAKL,forestMHC
LLNKPGLKY,forestMHC
KSDISRNAY,forestMHC
TIDRYVVRY,forestMHC
EVAPAGASY,forestMHC
NSELIMDQY,forestMHC
VLDSFLQGY,forestMHC
VLDNGMLKY,forestMHC
MSEDSNLHY,forestMHC
QVDFPGSEY,forestMHC
LTDPEVTNY,forestMHC
HVDEIKELY,forestMHC
RTGNPTGTY,forestMHC
ISDRLIGIY,forestMHC
ASEILVLEY,forestMHC
QLDERRLYY,forestMHC
GSEEKNERY,forestMHC
YSDTERYLY,forestMHC
ALDQFQEKY,forestMHC
YQDLLQLQY,forestMHC
ATEEPGESF,forestMHC
FCEANGLRY,forestMHC
QLDENTIGY,forestMHC
YIDEEGVRY,forestMHC
HLDAQRLHY,forestMHC
FVDDYTVRV,forestMHC
ELDPDNETY,forestMHC
LTDMTLLHY,forestMHC
YSEDECKQY,forestMHC
FTDQQKLIY,forestMHC
YSTAQRVTY,forestMHC
ISKKDQIMY,forestMHC
NSDINSNHY,forestMHC
LLYESPERY,forestMHC
SLEIRALLY,forestMHC
RADGNFLLY,forestMHC
STELNHLGY,forestMHC
YVDEYRNDY,forestMHC
ESDLCRQEY,forestMHC
TTNPCRIQY,forestMHC
GLDPHQQYY,forestMHC
LTADGLYLY,forestMHC
QVDEQIDHY,forestMHC
KTDNHLKHY,forestMHC
FGDTLHIHY,forestMHC
VVEGNHTVY,forestMHC
LSVENTVIY,forestMHC
RVYIHPFHL,forestMHC
SLDALQTHY,forestMHC
STDPQHHAY,forestMHC
QSELVGQLY,forestMHC
HSDKAPVLY,forestMHC
VLDERSALY,forestMHC
YTDNLVRVW,forestMHC
LIDNSFNRY,forestMHC
HVIQHCFHY,forestMHC
KTDLDLQQY,forestMHC
ATDNVCHLF,forestMHC
ASDPNSSIF,forestMHC
YTDIPKIIY,forestMHC
YLDHNSFDY,forestMHC
LSDIERQIY,forestMHC
STDTGEAVY,forestMHC
STDPRPASY,forestMHC
LTDDELFQY,forestMHC
LVERLQALY,forestMHC
QSEDKPEKY,forestMHC
SSDPGALMY,forestMHC
TSDQQRQLY,forestMHC
FTEEELARY,forestMHC
VSDGNFSNY,forestMHC
GSDTSSAHY,forestMHC
TTDENKVPY,forestMHC
KIDENQLMY,forestMHC
YCDPVVLTY,forestMHC
YAFLRREYY,forestMHC
KTDREYQEY,forestMHC
YTRKDQLEY,forestMHC
KTDGKKVYY,forestMHC
RTESELNSY,forestMHC
SSKMNSIVY,forestMHC
ETDPGMVHL,forestMHC
TTEIETLLL,forestMHC
VTDSPSPEY,forestMHC
ESERKTEEY,forestMHC
SADPDNLKY,forestMHC
QTDGLGLSY,forestMHC
MVDFAMDVY,forestMHC
SSDYVEIHY,forestMHC
VLAEWGSLY,forestMHC
DSENATCLY,forestMHC
LTYRRRLSY,forestMHC
YSSSRSDLY,forestMHC
VSTVLTSKY,forestMHC
YSETSNMDK,forestMHC
RTDELVREY,forestMHC
YSDASGFGY,forestMHC
YSDSFPMEL,forestMHC
TGDPDVLEY,forestMHC
RTEEQMEEY,forestMHC
FLDHRFSSY,forestMHC
FTEEQAVLY,forestMHC
MSDTAGTCY,forestMHC
WSDIWATKY,forestMHC
STESAQDTY,forestMHC
GSHTLQSMY,forestMHC
QADLINELY,forestMHC
VLDELSVTY,forestMHC
SSEHQTQLY,forestMHC
TAQRATTTY,forestMHC
QIDSEFQAY,forestMHC
ASDPFFRHY,forestMHC
ESDDGVVVY,forestMHC
FADGHVLEL,forestMHC
LDTRVSEFY,forestMHC
LTDSSLKYY,forestMHC
DSMEDTGHY,forestMHC
SSDRKGSSY,forestMHC
LSDSFSDLY,forestMHC
ESFEDGLKY,forestMHC
VSDNDIRKY,forestMHC
NSEVGASGY,forestMHC
QSDFHNNRY,forestMHC
IIDGHTLKY,forestMHC
LTELPDWSY,forestMHC
FLDLNTEGY,forestMHC
FSDKLHSKY,forestMHC
TTDGYLLRL,forestMHC
LLELLHELY,forestMHC
LMDIFGDRY,forestMHC
QTEATQEKY,forestMHC
LSDKNIEQY,forestMHC
FIDNLRDRY,forestMHC
YSARGSQSY,forestMHC
GLDQQDLRY,forestMHC
WTNMNALHY,forestMHC
AVDPQHNGY,forestMHC
FTDPRTMGY,forestMHC
STEQFQEYY,forestMHC
IVDTVTLQY,forestMHC
YSCDHNTSL,forestMHC
QTETHNVFY,forestMHC
FSEQVAMGY,forestMHC
FVDNQYWRY,forestMHC
LSDLLDWKY,forestMHC
ATELTHEDY,forestMHC
AVDSKVASY,forestMHC
QSYGPSGQY,forestMHC
QTISPLSTY,forestMHC
YGGLIFNSY,forestMHC
ASSSVTDLY,forestMHC
WTDGRGVHY,forestMHC
VTEIMSMGY,forestMHC
VSEQELLRY,forestMHC
LTEQRALLY,forestMHC
YSDPFVKVY,forestMHC
TSEQIFRLY,forestMHC
ELDKTPDYY,forestMHC
TMDTESSVY,forestMHC
LSDLGKLSY,forestMHC
LTDDHVQFL,forestMHC
MTDTYRLKY,forestMHC
ALDTKIGRY,forestMHC
QSAASSLAY,forestMHC
LAERSGLLY,forestMHC
WTEMNAIVY,forestMHC
TVTEVLLKY,forestMHC
RLDAVTLLY,forestMHC
MVDIIETVY,forestMHC
SVAPVYSYY,forestMHC
SSDHLQQHY,forestMHC
TMDPKPLAY,forestMHC
STESDFLKY,forestMHC
YVEGVHQQY,forestMHC
LSAGATKVY,forestMHC
TSSSHTLTY,forestMHC
VTDESIPSY,forestMHC
TVDFTADKY,forestMHC
RSEKMTLSY,forestMHC
HADPRIQGY,forestMHC
HSSNLTLHY,forestMHC
FTMEMVRQY,forestMHC
NTEENRRFY,forestMHC
TSNGSVLVY,forestMHC
MSDPYMPSY,forestMHC
YVEKFALNY,forestMHC
ETERLTDDY,forestMHC
FVDDQQTFF,forestMHC
SSEELPLYY,forestMHC
HTEVDNCRY,forestMHC
HLDAELDAY,forestMHC
LTEYMEHTY,forestMHC
STDSETLRY,forestMHC
STGPGPGYY,forestMHC
NSDSNLTTY,forestMHC
SSDPDPAAY,forestMHC
FTDKSAEDY,forestMHC
GTDTGVVQY,forestMHC
LVDNHHEVY,forestMHC
TSEQNVMDY,forestMHC
QTDKLKELY,forestMHC
TTEETLTLY,forestMHC
FVDVAQSTY,forestMHC
QTDSGEVLY,forestMHC
FSDEPPEVY,forestMHC
VTDIHQLSF,forestMHC
LTPEQYELY,forestMHC
VLFFHTMRY,forestMHC
ETDKITLEV,forestMHC
SSDSDSASY,forestMHC
HTLGNSLRY,forestMHC
AAFPGASLY,forestMHC
ITDLNSDQY,forestMHC
FAEAHYLSY,forestMHC
VVDDWIESY,forestMHC
LVDQHHWRY,forestMHC
SMDGHPSRY,forestMHC
FIKDGSSTY,forestMHC
FLDEVMKKY,forestMHC
HTAAMVQQY,forestMHC
FADFDGVLY,forestMHC
VTDTASMKY,forestMHC
YTAPQPGKY,forestMHC
FADNQGLAL,forestMHC
FIDERLLMY,forestMHC
QTSRDTTMY,forestMHC
YTEKNNPLY,forestMHC
QMDLLQEFY,forestMHC
ASDEVSTSY,forestMHC
ATDYTFAMY,forestMHC
STNDTNAKY,forestMHC
RLDINTNTY,forestMHC
GTDYINASY,forestMHC
YLAQSPQLY,forestMHC
KIDSLQARY,forestMHC
ESDPAYQQY,forestMHC
TSDVDLDKY,forestMHC
YSHKKILQL,forestMHC
TLSSIRSKY,forestMHC
LTDSSTLLV,forestMHC
SSEQTFMYY,forestMHC,epiMHCdb
NTEKLKLKY,forestMHC
FLDQNLQKY,forestMHC
GTDGHVHLY,forestMHC
QSDKVYEVY,forestMHC
TVDRNRLWY,forestMHC
NSDVVEQIY,forestMHC
EMDPVTQLY,forestMHC
TTDQTGVRY,forestMHC
YSQDYQQFY,forestMHC
KTDHFIFTY,forestMHC
TSDLQLSTY,forestMHC
YLEELSQRY,forestMHC
VLDIQNNLY,forestMHC
SAFGRALRY,forestMHC
DSEFLQPLY,forestMHC
IIGPDGLVY,forestMHC
YSDDSYSDY,forestMHC
ATDRWYDEY,forestMHC
HADEHRLKY,forestMHC
LAEEITLHY,forestMHC
LSEQLLNNY,forestMHC
VSDSGAHVL,forestMHC
ITEDGTLLY,forestMHC
ESDVYKSTY,forestMHC
ESSAEVLEY,forestMHC
LSDLGRLSY,forestMHC
QGDEICLRY,forestMHC
STEERHLLY,forestMHC
TTDTMCQIL,forestMHC
STEALSLSY,forestMHC
FIEEYVTAY,forestMHC
QSEFQQLPY,forestMHC
VTEIDQDKY,forestMHC
FIENEEQEY,forestMHC
VTAADTAVY,forestMHC
LMERNNLSY,forestMHC
VLDFITHLY,forestMHC
SSGPVGGQY,forestMHC
ASDKDSLSK,forestMHC
QTDERLAQY,forestMHC
MSEERTLLY,forestMHC
ESDVGVVVY,forestMHC
ASELKALGY,forestMHC
STDLQDYTY,forestMHC
SSDVSHQEY,forestMHC
VSDLRVTHY,forestMHC
LSHGSTTSY,forestMHC
SVAGIFNYY,forestMHC
ESYENKEAY,forestMHC
LTERECIKY,forestMHC
GTEKKTGVY,forestMHC
LSDFFKTHY,forestMHC
NLDQPDLYY,forestMHC
FSDGRTQKY,forestMHC
LTEQQKALY,forestMHC
NSEEMKEAY,forestMHC
YSDVMLENY,forestMHC
SADKTVRVY,forestMHC
LSDPVNRAY,forestMHC
TTEERTQLY,forestMHC
VTVAIPLKY,forestMHC
LVDSSLEYY,forestMHC
TTLHNLLLY,forestMHC
SSDKITTGY,forestMHC
KSDTQNLLY,forestMHC
NADPNMKLF,forestMHC
NVDQNQNSY,forestMHC
IYADLSLKY,forestMHC
AADLVEALY,forestMHC
NTDFYQTSY,forestMHC
WTDNRELTY,forestMHC
VSEAEADFY,forestMHC
ALSLVRQLY,forestMHC
LMEEVQTLY,forestMHC
VTEVGLSAY,forestMHC
FSKRLLSTY,forestMHC
LLAKECRLY,forestMHC
LTDPQVSYV,forestMHC
YTMKEVLFY,forestMHC
QTDIKLSRY,forestMHC
KSDSGKPYY,forestMHC
TMEGGTLKY,forestMHC
ATEVHPAKY,forestMHC
LVDPSVYGY,forestMHC
NVADYYPEY,forestMHC
ASDRNIVLY,forestMHC
QTTRDVLLY,forestMHC
QADNQRLKY,forestMHC
PSSPDSLHY,forestMHC
KTDSPSCEY,forestMHC
LSEAQRCLY,forestMHC
YMTEPIDEY,forestMHC
RTEDTAVYY,forestMHC
AVDSASPVY,forestMHC
LLDTKCDAY,forestMHC
ATAVHAYRY,forestMHC
TSDVGGYYY,forestMHC
MTNPHNHLY,forestMHC
LADAISENY,forestMHC
AVNSLVNLY,forestMHC
STSAVRHAY,forestMHC
ESSRLMFEY,forestMHC
GSDVVDWLY,forestMHC
QSEIISNQY,forestMHC
NSDPTDEFF,forestMHC
SSEGTQHSY,forestMHC
ATDYHVRVY,forestMHC
VSDMVEDLY,forestMHC
YGYDNVKEY,forestMHC
HSEAHTLLY,forestMHC
SLDCHISQY,forestMHC
LTEKELLLY,forestMHC
ASDMLQLEY,forestMHC
NTCYKHFYY,forestMHC
PSEKQRLIY,forestMHC
SADLVALSY,forestMHC
GSGGFGSVY,forestMHC
VVDSSQKRY,forestMHC
DSENQRLAY,forestMHC
YLDYDDTRY,forestMHC
LTDNPSEEY,forestMHC
RSDELTRHY,forestMHC
EANPSADLY,forestMHC
VTNESPLKY,forestMHC
IVDEFAMRY,forestMHC
ATDRFRSLY,forestMHC
LSDEEAVHY,forestMHC
FSDVMEDLY,forestMHC
DSEGYLLFY,forestMHC
ESDSRQIFY,forestMHC
ELDRINAQY,forestMHC
KTEFAQDKY,forestMHC
AQDAGYRMY,forestMHC
ASSPHSAAY,forestMHC
RTREGNDLY,forestMHC
QLDAELLRY,forestMHC
LTEFSELEY,forestMHC
ESEVESLQY,forestMHC
YSDLHAFYY,forestMHC
ISSIVNSTY,forestMHC
DIDTHTAKY,forestMHC
YIDRDSEYL,forestMHC
ASEKHQHMY,forestMHC
RSDRREDYY,forestMHC
MTEKQLNLY,forestMHC
GMDRRTDAY,forestMHC
KTDKHMQKY,forestMHC
YEDSSQHYY,forestMHC
VADDPNDPY,forestMHC
DTDEYVLKY,forestMHC
ETDAQSITY,forestMHC
HADLHRLKY,forestMHC
SMDAHPSRY,forestMHC
ITSKGASLY,forestMHC
RSAVYPLLY,forestMHC
YTDAASLEV,forestMHC
HLDLGILYY,forestMHC
SADQVALVY,forestMHC
YSEEIVEMY,forestMHC
TTDFIYQLY,forestMHC
ITDVKPGNY,forestMHC
SSDPKVLTL,forestMHC
VSDHSGFHY,forestMHC
YTELEAIMY,forestMHC
FLNDQAMLY,forestMHC
VTDNGDGTY,forestMHC
CLDRCVSKY,forestMHC
DSADGMLLY,forestMHC
ILDIPNQLY,forestMHC
KTDYMVGSY,forestMHC
SSDEQGLSY,forestMHC
YSDRSSGGS,forestMHC
AADLNLVLY,forestMHC
HSDQQVFEY,forestMHC
HADVSNQLY,forestMHC
QSSLETHHY,forestMHC
SSEAHLQQY,forestMHC
ISIAHSLLY,forestMHC
LSDLQEAKY,forestMHC
LVSSTSEGY,forestMHC
RSDFNEIVY,forestMHC
LTDQGTTLY,forestMHC
YVHNKLLLY,forestMHC
TSEGLKLYY,forestMHC
LTDRLQLTL,forestMHC
YIDPIAMEY,forestMHC
FSNTPNSGY,forestMHC
LVDHFMELY,forestMHC
FLAQHGSEY,forestMHC
TVDKHSDEY,forestMHC
NSDPYSVAL,forestMHC
RLDEVISKY,forestMHC
LSSPIVDFY,forestMHC
NTDGRLLEY,forestMHC
VSEPSTCVY,forestMHC
LDLAQRTLY,forestMHC
LSEDVRFYY,forestMHC
KSEDGRLIY,forestMHC
GTEPSHMHY,forestMHC
TDLYPPELF,forestMHC
MALGLALRY,forestMHC
ALDARPSLY,forestMHC
ETDNMFNRY,forestMHC
LTSGEIVLY,forestMHC
VIDPTLLHY,forestMHC
QLDRRILAY,forestMHC
VTFPEFLRY,forestMHC
KTDLDLDGY,forestMHC
ATEKHLQKY,forestMHC
DSETSACRY,forestMHC
YTDSYTDTY,forestMHC
LLDAVLIDY,forestMHC
EAEREKQQY,forestMHC
TSEQAELSY,forestMHC
YGDKHITLY,forestMHC
SSDKGRLCY,forestMHC
LTDRELEEY,forestMHC
YVDPQFLTY,forestMHC
LSERYAELY,forestMHC
FTQDTQPHY,forestMHC
YTDFDGTRV,forestMHC
ETDSFKLAY,forestMHC
LTEEGQVSY,forestMHC
ALDAAVLAY,forestMHC
LLDHLSIVY,forestMHC
VTYNYPVHY,forestMHC
LVDQRVAEY,forestMHC
VSDKGNLMY,forestMHC
KMEDLIQVY,forestMHC
NTQPIPILY,forestMHC
LSERVVVKY,forestMHC
YSDNQPGVL,forestMHC
FTDQHHFYL,forestMHC
DLDNDLMKY,forestMHC
STDHVIRMY,forestMHC
TTTTLCLHY,forestMHC
LTDPEAAKY,forestMHC
LLDISGVLY,forestMHC
SSDNMQHAY,forestMHC
ASASDTELY,forestMHC
GSDVQLLEY,forestMHC
ITKHIGLVY,forestMHC
RTEGQLMRY,forestMHC
LSDGSLKLY,forestMHC
STDQVGEFF,forestMHC
YIDEYRNDY,forestMHC
VSDVDYSLY,forestMHC
ASDPYQVHV,forestMHC
NSDLNNLLF,forestMHC
FLTAIKNRY,forestMHC
LSEAKLDEY,forestMHC
MTDGGLGLY,forestMHC
LSDQQKAGY,forestMHC
HADSILEKY,forestMHC
FSNPYSIEY,forestMHC
YVDQYLYHY,forestMHC
TTEESLRNY,forestMHC
VSDRHVYKY,forestMHC
FSDPNFLAH,forestMHC
VADKVHLMY,forestMHC,epiMHCdb
RSDLQSLGY,forestMHC
KTFDHYCEY,forestMHC
YTAVVPLVY,forestMHC,epiMHCdb
SSGPHNLTY,forestMHC
ASDYFDQLY,forestMHC
LLDAAHFCY,forestMHC
RTDEEGNAY,forestMHC
WTEMNTIVY,forestMHC
VTEKAWNYY,forestMHC
ETDEQRLRD,forestMHC
FSDIVKQGY,forestMHC
NLDKNLIKY,forestMHC
PSDPVQPQY,forestMHC
ISDSGYTQC,forestMHC
LLDPSVFHV,forestMHC
VLDILLEQY,forestMHC
YADLMNILY,forestMHC
TVDEHVWFY,forestMHC
QTEASALLY,forestMHC
IMEKSTMLY,forestMHC
VSHIMLESY,forestMHC
LLSTYLERY,forestMHC
KSSAISLHY,forestMHC
VTELHVISY,forestMHC
IIDRHVSRY,forestMHC
ESDLDYIQY,forestMHC
KTDEHPARY,forestMHC
LSEGVTISY,forestMHC
TTDDPALLY,forestMHC
IIDGYNAQY,forestMHC
IVDRFTSKY,forestMHC
ETDTRALAK,forestMHC
NLEEISNYY,forestMHC
FTDREIDLY,forestMHC
YLPLTTARY,forestMHC
FSEIDLEKY,forestMHC
HSDLKVGEY,forestMHC
ELDRQELTY,forestMHC
LSDPGSGLY,forestMHC
FTDECVKKY,forestMHC
VTEEDQISY,forestMHC
HTYRGRLSY,forestMHC
GYDYTGYNY,forestMHC
SSDRKGGSY,forestMHC
FSAPATQAY,forestMHC
QTESDYSYY,forestMHC
YTKHGTLKY,forestMHC
QSAKENPRY,forestMHC
PLYPGALEY,forestMHC
TETGTPYLY,forestMHC
ITTDVNPYY,forestMHC
MTAKLQTPY,forestMHC
LSDILRFIY,forestMHC
TMDELVEHY,forestMHC
NSDLSNIEY,forestMHC
SSDAHSSWY,forestMHC
LSDTKYLEM,forestMHC
KVDYNRLGY,forestMHC
DSEYVRAVY,forestMHC
YMERAAESY,forestMHC
LTALQGLYY,forestMHC
YMELYTHVY,forestMHC
MADPNIRFL,forestMHC
MADGHTDSY,forestMHC
YTDPSSLRK,forestMHC
QLDNKTSVY,forestMHC
ITDHLDTQY,forestMHC
IVEGENHTY,forestMHC
LTVRNLPQY,forestMHC
NTDVPLEGY,forestMHC
DTDDRTEGY,forestMHC
ISDSYFPRY,forestMHC
TTDGRSDGY,forestMHC
YSEKIVDMY,forestMHC
LIDPDLTQY,forestMHC
ETEYSFLDY,forestMHC
FSEKLEAEY,forestMHC
NLDIERPTY,forestMHC
MIDVTKSYY,forestMHC
QSLEIISRY,forestMHC
RLDTDHLRY,forestMHC
FLDPRQPSY,forestMHC
YIDEGRLVL,forestMHC
ELDSPVPGY,forestMHC
NTDVGAKNY,forestMHC
ITEDKTELY,forestMHC
SSATSSSAY,forestMHC
GSDSRFAGY,forestMHC
YSSPYPQEY,forestMHC
LTEHFMKEY,forestMHC
TTEILRSLY,forestMHC
ASALGSSSY,forestMHC
ISDLSSDLY,forestMHC
YSSEAIKSY,forestMHC
VSEVSSLNY,forestMHC
FLNDSYLKY,forestMHC
LSEDRWSSY,forestMHC
LLGSLADLY,forestMHC
VTEKDLLLY,forestMHC
ESDEVELSY,forestMHC
ILDNSPASY,forestMHC
NTQEKSFAY,forestMHC
LSDTQLNRY,forestMHC
TTELNHHAY,forestMHC
HLDQTTDTY,forestMHC
VTEEEIQFY,forestMHC
TTDTVIRSY,forestMHC
FTDKKTHLY,forestMHC
LIEEALQKY,forestMHC
FSEEGAVGY,forestMHC
IVDHNIADY,forestMHC
VSDEAGLDY,forestMHC
KTDDSLEKY,forestMHC
YSANGTIEY,forestMHC
YLHDQFWSY,forestMHC
TSDQLGYSY,forestMHC
FLEQVHQLY,forestMHC
KLSDLLKYY,forestMHC
LTDDEKTYY,forestMHC
DVDTSQVLY,forestMHC
LTHASSLGY,forestMHC
VLSDYDASY,forestMHC
ISDTLGQVY,forestMHC
QTDPVTLQY,forestMHC
TSAAIAGVY,forestMHC
EIDHHREQY,forestMHC
HLDQHEVRY,forestMHC
FTAKSPLMY,forestMHC
SSDRHLTQY,forestMHC
LLEEDTPRY,forestMHC
RIDLIPSLY,forestMHC
QSDPKTSLY,forestMHC
YTFEGARYY,forestMHC
IAEKETLEY,forestMHC
IIDGFMTHY,forestMHC
ETEKDFSRY,forestMHC
ISENKFLKY,forestMHC
NLDFLDLGY,forestMHC
RTEFNLNQY,forestMHC
KTDVTMLLY,forestMHC
PSDPQVILY,forestMHC
ITDKDDLVK,forestMHC
ETEKRCQVY,forestMHC
QSFTGSRTY,forestMHC
ITDHGSLIY,forestMHC
DSDKVGVFY,forestMHC
VSEEGGNSY,forestMHC
KTDKHVQKY,forestMHC
YAIDNPLHY,forestMHC
ESEVNLDRY,forestMHC
RSDSEGSDY,forestMHC
MVDPLLTKY,forestMHC
YSQELSLLY,forestMHC
ETDVVRAVY,forestMHC
RSDVEILGY,forestMHC
TSDELLHKY,forestMHC
LTEMQTEQY,forestMHC
QSDPSGAYF,forestMHC
MTSPLNLSY,forestMHC
PSDIECMRY,forestMHC
ESEFEKVYY,forestMHC
NLDPNSAYY,forestMHC
SVDPTQTEY,forestMHC
ATEVLMWFY,forestMHC
IMSIPNLRY,forestMHC
YSQHMNHRY,forestMHC
QACRNVAQY,forestMHC
LLGRSIYEY,forestMHC
FTDNVPALV,forestMHC
IVSSLRLAY,forestMHC
LTEKDLLIY,forestMHC
LVDLRNYQY,forestMHC
PTEIQRLTY,forestMHC
VSETLQEIY,forestMHC
VTSPIRASY,forestMHC
YSSNSDFNY,forestMHC
ELDFQKNIY,forestMHC
ASQEHGLKY,forestMHC
IADMGHLKY,forestMHC,epiMHCdb
EIESRCEEY,forestMHC
YSAPQHDYY,forestMHC
QIALPSGCY,forestMHC
YLDYHMEKY,forestMHC
ITNANELKY,forestMHC
FTEDHYVEF,forestMHC
KSETRQENY,forestMHC
ETDNMNQIY,forestMHC
YTSDYFISY,forestMHC,epiMHCdb
KTSDKPLMY,forestMHC
ASDSMDSLY,forestMHC
YASSPGGVY,forestMHC
DPDLNAVLY,forestMHC
FTATRPGVY,forestMHC
DTDSQRLAY,forestMHC
QSEIASMLY,forestMHC
LAEYDLDKY,forestMHC
STQKQVLNY,forestMHC
NLDQSLAHY,forestMHC
FSDPERVNY,forestMHC
HADDSFLVL,forestMHC
ITDIENGSL,forestMHC
ESEKHTANY,forestMHC
GTDGVEANY,forestMHC
NIDPITMAY,forestMHC
SSDNIMVQY,forestMHC
SSSEDALEY,forestMHC
QTPIVPLLY,forestMHC
NVANVTCYY,forestMHC
FSKKNFESL,forestMHC
LSDLFSDDY,forestMHC
FIDLNYMVY,forestMHC
ELDAQLDAY,forestMHC
HVDHTLQQY,forestMHC
LSEERVWEY,forestMHC
SSDANPVRY,forestMHC
PVDKNDVGY,forestMHC
VTAPDNLGY,forestMHC
YTTGHWDNY,forestMHC
DSDRYRDGY,forestMHC
NSDWHLVNY,forestMHC
SSPVDMQSY,forestMHC
FSEELANLY,forestMHC
LMAPRTLLL,forestMHC
GTDPELNLY,forestMHC
LSDLKHMRY,forestMHC
ELDKLTTLY,forestMHC
QTRKQFLLY,forestMHC
TTDCLQLLA,forestMHC
VTDTSMDTY,forestMHC
LTEHLKNSY,forestMHC
YIDENQDRY,forestMHC
PTAVVPLRY,forestMHC
WSDGVPLLY,forestMHC
TVDGVVFHY,forestMHC
YAQARFDAY,forestMHC
HTDWLLDLY,forestMHC
FAEMIQPEY,forestMHC
FAFEHSEEY,forestMHC
QSETALHYF,forestMHC
YCDKSFRQL,forestMHC
FLEEVTEYY,forestMHC
ATDLAYYLV,forestMHC
RVDPNGSRY,forestMHC
QLEHLQSKY,forestMHC
SSDPQAQKY,forestMHC
QLDPIYVAY,forestMHC
FQDNRQLYY,forestMHC
TSDELQFGY,forestMHC
NSFYDQREY,forestMHC
ESDSTIVYY,forestMHC
YIYPKHLKY,forestMHC
PSEYDTPLY,forestMHC
FMDPASALY,forestMHC
LTAAQQQQY,forestMHC
VSDKTLSFY,forestMHC
NAISSSSLY,forestMHC
FIDAQFEAY,forestMHC
LSDHSIRSF,forestMHC
NTDPHSQEY,forestMHC
DTENQTLNY,forestMHC
FSENTLQFY,forestMHC
ILDNTSLYY,forestMHC
ATSKFMEFY,forestMHC
VMETKSMLY,forestMHC
LLDMPPVSY,forestMHC
ELDSSLDQY,forestMHC
VTDNRAFGY,forestMHC
ETEDVNLAY,forestMHC
QVDLNQQQY,forestMHC
VTEENKEEY,forestMHC
ITDTTRDVY,forestMHC
SSMSAQLLY,forestMHC
ETQKAALRY,forestMHC
NTEGLHHLY,forestMHC
IVDNPADFY,forestMHC
YTDGKFNSK,forestMHC
YTDSSYVEK,forestMHC
VSDSGDGVY,forestMHC
VIEVDSAHY,forestMHC
NVDESLLGY,forestMHC
LTEFKFIWY,forestMHC
ATGPPNTSY,forestMHC
VSNPFYQLY,forestMHC
LTDTQNAQY,forestMHC
VVELDLLEY,forestMHC
YTETVNHHY,forestMHC
VVADGVGLY,forestMHC
GSDGAASSY,forestMHC
NSDKSSTYV,forestMHC
NSDDIDKQY,forestMHC
VTEFSLNTY,forestMHC
HTDMSSSSY,forestMHC
FTEHEVQIY,forestMHC
SSDSLRHVY,forestMHC
KTEQEALEY,forestMHC
KVDSNDSLY,forestMHC
ELERAFSYY,forestMHC
VTDLLKELV,forestMHC
ALDSHILDY,forestMHC
LSDLAIQIY,forestMHC
EMDSTPVGY,forestMHC
QSEREYIRY,forestMHC
DMELEVLRY,forestMHC
ASDSIVLFY,forestMHC
LSEWQKELY,forestMHC
TELYDYPKY,forestMHC
TSDKPGSPY,forestMHC
DTDDRELRY,forestMHC
WSESTAAKY,forestMHC
SSEVTSQLY,forestMHC
DSDMQTLVY,forestMHC
FTESQKTKY,forestMHC
KLDELKLKY,forestMHC
SAGKTTLLY,forestMHC
YLDQISRYY,forestMHC
DMDRVLLKY,forestMHC
LLDEDCVHY,forestMHC
LSDKSLSIL,forestMHC
TVDCAPESY,forestMHC
VTDAVALRV,forestMHC
HSAPGGPSY,forestMHC
FLMKNSDLY,forestMHC
NTESGRYVY,forestMHC
SLHDTVFDK,forestMHC
MSEIADLTY,forestMHC
ILKRNIQQY,forestMHC
ESEQAAQCY,forestMHC
HTDFTPSPY,forestMHC
YTYDRNKCY,forestMHC
VSDSISAQY,forestMHC
NSDPNLHLL,forestMHC
QTIINNASY,forestMHC
ASSQDALMY,forestMHC
YTDWANHYL,forestMHC
WTEKMMDKY,forestMHC
YTKAWEEYY,forestMHC
QSDSELPSY,forestMHC
FLYFRPHEY,forestMHC
GSDEPAFYY,forestMHC
SSSPTHSLY,forestMHC
ITEREAEPY,forestMHC
FTEQWTDGY,forestMHC
KSDPICVLY,forestMHC
PTAEDNLEY,forestMHC
ETELDGLRY,forestMHC
KTDKHAQKY,forestMHC
TLDSDQVGY,forestMHC
SLDTNDITY,forestMHC
ATALFSFLY,forestMHC
YSENIIEMY,forestMHC
VTETNVFFY,forestMHC
ESSSVVLRY,forestMHC
LIDLAIDTY,forestMHC
QLDHSVQSY,forestMHC
RVDENNPEY,forestMHC
NVDRVFALY,forestMHC
FTVTFNPKY,forestMHC
QTDQLVLIF,forestMHC
ELESGQISY,forestMHC
QTETQQRDY,forestMHC
KSSRDSLQY,forestMHC
STDGSMNSY,forestMHC
ATDDVAQIY,forestMHC
FTDLNNYDE,forestMHC
VVEASEAAY,forestMHC
FLDHKTLYY,forestMHC
LSDPTYREL,forestMHC
LTEEETQFY,forestMHC
SVDDGITLY,forestMHC
ESASHNETY,forestMHC
TTDKKSLAY,forestMHC
VSNPKSFEY,forestMHC
VVDGFNVLY,forestMHC
QSNETALHY,forestMHC
VVDRIYSLY,forestMHC
MTDIKNDSY,forestMHC
GLDDKLLHY,forestMHC
HSMDIFTHY,forestMHC
FVETESVRY,forestMHC
QTDDRFHEM,forestMHC
LSELRSELY,forestMHC
NSEITSLYY,forestMHC
HSEQLQALY,forestMHC
FTEPNRHFY,forestMHC
YTEQGVEEY,forestMHC
EADHLQEEY,forestMHC
FVNKFNVLY,forestMHC
ASAVIGLLY,forestMHC
VLNHHQLGY,forestMHC
HSDLHILDF,forestMHC
ASEVQASRY,forestMHC
GTERNGSLY,forestMHC
HVDRVIDFY,forestMHC
NSDRSEDGY,forestMHC
MSEGLGMRY,forestMHC
CLDHVISYY,forestMHC
RVDQSLLLY,forestMHC
VTSRMVKTY,forestMHC
TSDDEVFKY,forestMHC
LSKDPRVSY,forestMHC
VTKPVGGNY,forestMHC
LIARSLGKY,forestMHC
DLDSRVLYY,forestMHC
YTAQPTQGY,forestMHC
HSSAVAATY,forestMHC
FTDLPPNLY,forestMHC
YTEEDAVSY,forestMHC
RTATHTCSY,forestMHC
KMEQAFARY,forestMHC
CVDGTFHKY,forestMHC
GSHSMRYFY,forestMHC
LTDFDIRFY,forestMHC
QIEERASHY,forestMHC
VLDENKSWY,forestMHC
YTGTPDWLY,forestMHC
TSENAKLHY,forestMHC
QSDENKDDY,forestMHC
VVDNLQHLY,forestMHC
YTDTGLWGL,forestMHC
FIDFLIDTY,forestMHC
TLDPGYYTY,forestMHC
YSLKVLLSY,forestMHC
FTDLPANLY,forestMHC
MIEPRTLQY,forestMHC,epiMHCdb
HLDQEQQLK,forestMHC
YSQADALKY,forestMHC
MTYHFQEHY,forestMHC
QTLRFLGLY,forestMHC
MTHNLLLNY,forestMHC
VTDGNEVAK,forestMHC
ATDGIGKAY,forestMHC
TIDNSQGAY,forestMHC
TTDKETVLK,forestMHC
YTYNGVVAY,forestMHC
FVGHMDYKY,forestMHC
DSDREDGNY,forestMHC
STSSHCLLY,forestMHC
SVDSNLVAY,forestMHC
ILDEFLQTY,forestMHC
HSEEGNTAY,forestMHC
YSKKLEAKY,forestMHC
STDSSYQMY,forestMHC
AIDLLKEIY,forestMHC
PTDLETRSY,forestMHC
FSEQQLDLY,forestMHC
KTDKQPLQK,forestMHC
TTLDIITRY,forestMHC
VTEDSVVYY,forestMHC
IMKKIRESY,forestMHC
ALENAGIFY,forestMHC
KIADRFLLY,forestMHC
ATELKNNSY,forestMHC
STEPSSLCY,forestMHC
ISDLNELLK,forestMHC
GTDYKIYLY,forestMHC
YHDMVTEMY,forestMHC
ESDINSVRY,forestMHC
SSELFTLTY,forestMHC
QSDPWQQEL,forestMHC
LSKLLGSLY,forestMHC
WIGDKSFEY,forestMHC
MTERQDLVY,forestMHC
LLDPFTLPL,forestMHC
MTDGFQFEY,forestMHC
LSDFGLERY,forestMHC
STEFNPLIY,forestMHC
QSDTPTFSY,forestMHC
ITDTSIGAY,forestMHC
FIEEQFEQY,forestMHC
QSDYFRALY,forestMHC
NIDHGSITY,forestMHC
QTDHLFFKY,forestMHC
VSLKPGVYY,forestMHC
NTDIAENLY,forestMHC
SVSGMTLKY,forestMHC
SSDVGHDEY,forestMHC
LMTHHVHTY,forestMHC
ELEKKVLFY,forestMHC
FLDGTFSKY,forestMHC
KTDMNRHHY,forestMHC
AMDTDGLLY,forestMHC
LLEGLTVVY,forestMHC
NMDEKSQRY,forestMHC
YIDEQFERY,forestMHC
VTETVHTSY,forestMHC
HAAENPGKY,forestMHC
TTDWRCYGY,forestMHC
IVAKSSLQY,forestMHC
SSDECSYLY,forestMHC
YSDMREANY,forestMHC
VIDRGPSSY,forestMHC
RTEEIFYYY,forestMHC
TTTGQVLLY,forestMHC
YVDQQFEQY,forestMHC
KSDSSGQEY,forestMHC
HVDQDLTTY,forestMHC
NTDLVFGQY,forestMHC
NSEQNHDDY,forestMHC
ETFYSTERY,forestMHC
YSSDLIQHY,forestMHC
LTEEEINTY,forestMHC
NIDFPGHNY,forestMHC
EADHNHYGY,forestMHC
GTDLSIFKY,forestMHC
FTEKGNLEV,forestMHC
GTEDELDKY,forestMHC
YSIRNQLRY,forestMHC
TVDNVHLEY,forestMHC
FVANLFNKY,forestMHC
SSKSNQYVY,forestMHC
MLDNSFERL,forestMHC
LADQIFAYY,forestMHC
VLDPKVGFY,forestMHC
VSDPSSPQY,forestMHC
STDHIPILY,forestMHC,epiMHCdb
TIDTARLHY,forestMHC
ETERIVTTY,forestMHC
VTEDKLEKY,forestMHC
STGDLQLLY,forestMHC
YIEEFLQQY,forestMHC
NLSRVINSY,forestMHC
TTDLELIKY,forestMHC
EADPTGHSY,forestMHC,epiMHCdb
YLEQQVQFY,forestMHC
LTEEFRLNY,forestMHC
SSAKTILKY,forestMHC
SQDIHSNTY,forestMHC
GLQRSVLLY,forestMHC
HTEKENGNL,forestMHC
VTTENQLKY,forestMHC
VVDQRPINY,forestMHC
VSDFGLSRY,forestMHC
VSDPLSDLK,forestMHC
LLDNGQEVY,forestMHC
VTDGAFFDY,forestMHC
ATDIPCLLY,forestMHC
RLEEGHRQY,forestMHC
FSEVNMQEY,forestMHC
YLEQLILKY,forestMHC
LVDLYILTY,forestMHC
QMDRAVMLY,forestMHC
YAALHGEFY,forestMHC
GTEFTTVLY,forestMHC
DSDSDLQLY,forestMHC
GSDPEFARY,forestMHC
GTATKHLTY,forestMHC
EIESSSLLY,forestMHC
YSSSYTESY,forestMHC
VSHWQQQSY,forestMHC
LVDLAPLGY,forestMHC
FTEQYNEQY,forestMHC
LTDYDIRFY,forestMHC
EVDSLLSRY,forestMHC
LTDADAMKY,forestMHC
LLDSDQELY,forestMHC
LLGPSFESY,forestMHC
GTELLSLVY,forestMHC
ILDNSPGAY,forestMHC
ATEFIMNEY,forestMHC
SDSYLPSYY,forestMHC
ETEPVFWYY,forestMHC
QLENTFLDY,forestMHC
KTDESLTKY,forestMHC
HLDSLPSKY,forestMHC
YSESSQLLY,forestMHC
GTDPETLHY,forestMHC
VMDDGTNEY,forestMHC
QVAERALYY,forestMHC
YSEAVASHY,forestMHC
PLDQTPLFY,forestMHC
YADPVNAHY,forestMHC
YTEGLSLVY,forestMHC
VTEGSSPAY,forestMHC
SMDETHPGY,forestMHC
ITSTRSLNY,forestMHC
ATDIDKNGY,forestMHC
ELDPTNMTY,forestMHC
FLDLVNYVY,forestMHC
FIEQVGLVY,forestMHC
ATETQPIVY,forestMHC
LSDLGLLSY,forestMHC
WVSGKISFY,forestMHC
FTDVRAAVY,forestMHC
GTDPQLLLY,forestMHC
PSDSECMRY,forestMHC
LTEIKGSVY,forestMHC
FVDPLVTNY,forestMHC
NLESSNSKY,forestMHC
VTDHNLHEL,forestMHC
LSDIVIEKY,forestMHC
KTDDLTVLY,forestMHC
FSELSACLY,forestMHC
PTSPLAMEY,forestMHC
LTTDHIERY,forestMHC
VSDELRQWY,forestMHC
NVCGKAFSY,forestMHC
KSYQGLKLY,forestMHC
HTDILKEKY,forestMHC
QLDKNSEVY,forestMHC
LSEKQRARY,forestMHC
LQDDISSSY,forestMHC
SSEALYNQY,forestMHC
QTDRVNLRK,forestMHC
YLDKGILKY,forestMHC
FVEVGRVAY,forestMHC
AIGGSGSSY,forestMHC
PTDKHTLVK,forestMHC
ESEKLYSFY,forestMHC
DSDLYSPRY,forestMHC
YAFLMVDRY,forestMHC
YVAPAYGVY,forestMHC
DMDKVLLKY,forestMHC
SSDPDQLVY,forestMHC
YMDRRCVYY,forestMHC
TIDQLYLEY,forestMHC
IIEKGLVTY,forestMHC
VSDRDRNLM,forestMHC
KLDEQYQKY,forestMHC
YIDAQFEAY,forestMHC
VLLDYHLNY,forestMHC
YTDPPQESY,forestMHC
ETTFLVDKY,forestMHC
FTDILLERV,forestMHC
VTDLEMPHY,forestMHC
ELEDSTLRY,forestMHC
GLSNSTLNY,forestMHC
TSGYGQSSY,forestMHC
WFEPVGSEY,forestMHC
LTAINGLSY,forestMHC
QSDFGAGHY,forestMHC
NTDLGNDLY,forestMHC
LSEQIADAY,forestMHC
LADLSCLVY,forestMHC
YSDKYGLGY,forestMHC
ISDIGGHAY,forestMHC
YVDSEGHLY,forestMHC
VSDLGSRNY,forestMHC
YTNRVLKEY,forestMHC
HSDGSSSDY,forestMHC
ILGPPGSVY,forestMHC
NSDNNTIFV,forestMHC
AAFAYTVKY,forestMHC
QSERQLLLY,forestMHC
YMYRHKGTY,forestMHC
ALDRFSSFY,forestMHC
YTSDSPGSY,forestMHC
VTQESKAVY,forestMHC
LLEIAQTHY,forestMHC
QTCLELERY,forestMHC
FVDSSVGYY,forestMHC
ATEEEILVY,forestMHC
LLDDMNHCY,forestMHC
VTAIAVDRY,forestMHC
YTDATPLRV,forestMHC
LTDTFYYRL,forestMHC
STSRVRLFY,forestMHC
LLDRKTVAL,forestMHC
ALDRGTAQY,forestMHC
LTDGHPLTL,forestMHC
QSDPRGVRY,forestMHC
FLHHTLALY,forestMHC
MSELKVLSY,forestMHC
TLDTKPGLY,forestMHC
RSDSRAPVY,forestMHC
SCDPYTLAY,forestMHC
TSDETTLEY,forestMHC
MVTEIRLKY,forestMHC
NTMESALQY,forestMHC
LLDTNRYLY,forestMHC
YTDRETGKL,forestMHC
GSEPASLSY,forestMHC
KLDDLHTLY,forestMHC
EMDSERLQY,forestMHC
YISFRHHVY,forestMHC
NMYKGGQYY,forestMHC
HSETNIVRY,forestMHC
SSDIVGQLY,forestMHC
LLEKEILYY,forestMHC
SIDSNNQLF,forestMHC
RSDDTAVYY,forestMHC
ETFSYPESY,forestMHC
FTDQSNLIK,forestMHC
KADTLKERY,forestMHC
VTDFIAPGY,forestMHC
QTDTLQNDY,forestMHC
TSDQRYVLY,forestMHC
ATDYHFHFY,forestMHC
WSEITELLY,forestMHC
MSSLFQEFY,forestMHC
RTDHELGKY,forestMHC
DTDDEIAKY,forestMHC
NSDGSSTSY,forestMHC
VIESRYLQY,forestMHC
TTDIPLEGY,forestMHC
YSADREDLY,forestMHC
FTEGEPLAL,forestMHC
DSEPCPSNY,forestMHC
ASDNASALY,forestMHC
EADEYLDKY,forestMHC
TLDDESLKY,forestMHC
YVPEHWEYY,forestMHC
ALDNSQVFY,forestMHC
FTEEDVKFY,forestMHC
YTILNNHVY,forestMHC
FSDQTVIKM,forestMHC
WTSRQHLFY,forestMHC
KLDEQGLNY,forestMHC
TVQSVMLHY,forestMHC
ESDIKVNGY,forestMHC
NTEEEGLKY,forestMHC
LSDSLFLEV,forestMHC
LSDTSNPAY,forestMHC
GSDFYSMHY,forestMHC
VVLDKTCFY,forestMHC
YLDLSENRL,forestMHC
YIDDRGFRY,forestMHC
ISNVVKEKY,forestMHC
NTVQDAGLY,forestMHC
LTDLVDDNY,forestMHC
LTEGPHLYY,forestMHC
KLEHTAQTY,forestMHC
SSDAHTSYY,forestMHC
LADLDKLRY,forestMHC
YSEPVDQEY,forestMHC
TVDQVKDLY,forestMHC
YSEGYLLFY,forestMHC
FVDMGHSAY,forestMHC
VTENVVNLY,forestMHC
QTDPATLLH,forestMHC
HSEFTTLLY,forestMHC
TVDSYVISY,forestMHC
YLETVAAYY,forestMHC
ILDDHISHY,forestMHC
ATDTKNVQF,forestMHC
SSEQLFLRY,forestMHC
YTEEDAASY,forestMHC
KSDVHLNFY,forestMHC
YLDDPDLKY,forestMHC,epiMHCdb
VIDQQNGLY,forestMHC
ETGGDSWKY,forestMHC
NTDSPLRYV,forestMHC
HTELDTAFY,forestMHC
QSDPAPLQH,forestMHC
LTDDGKWLY,forestMHC
AVATGLFLY,forestMHC
FYEHAQTYY,forestMHC
IVKGTNSYY,forestMHC
TSDSTVYDY,forestMHC
ELDAVQREY,forestMHC
NVYCGVHRY,forestMHC
VTDNADGTY,forestMHC
LADLKVQLY,forestMHC
LTELMFEHY,forestMHC
QLDTHMELY,forestMHC
ATFSSSHRY,forestMHC
RLDFNPDRY,forestMHC
HTDLPSPLK,forestMHC
VSDPVGVLY,forestMHC
QSDPKPSQY,forestMHC
FSGMSDHRY,forestMHC
HSDPESDFY,forestMHC
NLDKSILKV,forestMHC
YVTTSTRTY,forestMHC
YADVGGKQF,forestMHC
SSFQQRLSY,forestMHC
LSDLGISSY,forestMHC
KSIDNKALY,forestMHC
NTESILMSY,forestMHC
ISEDKNPDY,forestMHC
TMGINGSAY,forestMHC
KSDEMELLY,forestMHC
RSEDIQLDY,forestMHC
LTEEKMELY,forestMHC
DVDIRKDLY,forestMHC
VTDEAQLVY,forestMHC
LLDGAPFRY,forestMHC
YIDAQFENY,forestMHC
ECDRDQMYY,forestMHC
WSDNSPLKY,forestMHC
TLDRQLNHY,forestMHC
TSERTVLRY,forestMHC
SSDTSALSY,forestMHC
STVSRFFLY,forestMHC
VSSKTTLQY,forestMHC
TSDNHGATY,forestMHC
ITSSNFLHY,forestMHC
TLDLIDEAY,forestMHC
DSDSVPAFY,forestMHC
HLDFHCNEY,forestMHC
FLDTNETPY,forestMHC
RADQELLMY,forestMHC
LLDPASFEY,forestMHC
SSDALQGRY,forestMHC
NLDSARFRY,forestMHC
NTDPTAPPY,forestMHC
LSALKGYLY,forestMHC
KLDQLIEFY,forestMHC
AVDAARLHY,forestMHC
DSETVHYHY,forestMHC
WSERLMTAY,forestMHC
VTEPGTAQY,forestMHC
VTDDSPKYY,forestMHC
FIDSIIAKY,forestMHC
FLWPEAFLY,forestMHC
GADRNLLVY,forestMHC
TSFPESEGY,forestMHC
QIDADNNGY,forestMHC
HSSPASSNY,forestMHC
FSEEHYIFY,forestMHC
RVDELLEKY,forestMHC
LSDENSLEY,forestMHC
GSFIHREEY,forestMHC
ISAPHMHAY,forestMHC
LQDICPLLY,forestMHC
ETDNNIVVY,forestMHC
DSETRRLYY,forestMHC
STDSAGSSY,forestMHC
VTASVRLSY,forestMHC
VTEIRQYFY,forestMHC
ITDEQRQYY,forestMHC
GTAKIHELY,forestMHC
KTIDKKTFY,forestMHC
ETERQRLQY,forestMHC
ELDNTYIVY,forestMHC
GTVYEDLRY,forestMHC
YSDPSVLYM,forestMHC
YSGQQQSNY,forestMHC
LTEPALVKY,forestMHC
YLDCGTLQY,forestMHC
FTDVDLHAY,forestMHC
TTEVVNELY,forestMHC
ISSKLKTYY,forestMHC
LLSPILARY,forestMHC
FTPTEKDEY,forestMHC
FTAFANSHY,forestMHC
GSDGGQSVY,forestMHC
QTTSNTSRY,forestMHC
ISERILSTY,epiMHCdb
LLDVPTAAV,epiMHCdb
CTELKLSDY,epiMHCdb
GSEELRSLY,epiMHCdb
ISNQEPLKL,epiMHCdb
KCDICTDEY,epiMHCdb
VSDGGPNLY,epiMHCdb
AADKAAAAA,epiMHCdb
MIDGIGRFY,epiMHCdb
GSVVGNWQY,epiMHCdb
FATCLGLSY,epiMHCdb
EVVPISHLY,epiMHCdb
EVDPTSNTY,epiMHCdb
EVDPIGHVY,epiMHCdb
LVTCLGLSY,epiMHCdb
SSLPTTMNY,epiMHCdb
SSFSTTINY,epiMHCdb
ILDSSEEDK,epiMHCdb